class,image,yellow_ratio,brown_ratio,dark_ratio,flagged_yellow,flagged_brown,flagged_dark,flagged_overall
gray_leaf_blight,"1,382 Young Sprout Coconut Tree Stock Photos - Free & Royalty-Free Stock Photos .jpg",0.6048,0.1101,0.0442,True,True,True,True
gray_leaf_blight,111 Daun Kelapa Stock Photos - Free & Royalty-Free Stock Photos from Dreamstime.jpg,0.2120,0.0209,0.1408,False,True,True,True
gray_leaf_blight,1_ Leaf Rot of Coconut. _ Download Scientific Diagram.jpg,0.2706,0.1210,0.1247,True,True,True,True
gray_leaf_blight,"270 Coconut Leaves Disease Royalty-Free Images, Stock Photos & Pictures _ Shutte (1).jpg",0.4630,0.0004,0.3288,True,False,True,True
gray_leaf_blight,"270 Coconut Leaves Disease Royalty-Free Images, Stock Photos & Pictures _ Shutte (2).jpg",0.3107,0.0007,0.1988,True,False,True,True
gray_leaf_blight,"270 Coconut Leaves Disease Royalty-Free Images, Stock Photos & Pictures _ Shutte (3).jpg",0.4963,0.0000,0.0263,True,False,True,True
gray_leaf_blight,"270 Coconut Leaves Disease Royalty-Free Images, Stock Photos & Pictures _ Shutte (4).jpg",0.2263,0.0782,0.0276,False,True,True,True
gray_leaf_blight,"270 Coconut Leaves Disease Royalty-Free Images, Stock Photos & Pictures _ Shutte (5).jpg",0.3781,0.0016,0.3047,True,False,True,True
gray_leaf_blight,"270 Coconut Leaves Disease Royalty-Free Images, Stock Photos & Pictures _ Shutte.jpg",0.3170,0.1997,0.1193,True,True,True,True
gray_leaf_blight,310 Brown Color Coconut Dry Leaf Stock Photos - Free & Royalty-Free Stock Photos.jpg,0.4492,0.0843,0.0267,True,True,True,True
gray_leaf_blight,"410 Palm Coconut Diseases Royalty-Free Images, Stock Photos & Pictures _ Shutter (1).jpg",0.2651,0.0093,0.0005,True,False,False,True
gray_leaf_blight,"410 Palm Coconut Diseases Royalty-Free Images, Stock Photos & Pictures _ Shutter.jpg",0.3420,0.0252,0.1277,True,True,True,True
gray_leaf_blight,"6,998 Spots Disease Stock Photos - Free & Royalty-Free Stock Photos from Dreamst.jpg",0.0523,0.0305,0.0075,False,True,False,True
gray_leaf_blight,A close-up photograph of a coconut palm seedling (Cocos nucifera) infected with .jpg,0.0883,0.0255,0.0636,False,True,True,True
gray_leaf_blight,Album_ Coconut leaf miner.jpg,0.2148,0.0128,0.0025,False,False,False,False
gray_leaf_blight,Album_ Coconut pests (1).jpg,0.4870,0.0432,0.0939,True,True,True,True
gray_leaf_blight,Album_ Items tagged with Bipolaris incurvata.jpg,0.2767,0.0354,0.0016,True,True,False,True
gray_leaf_blight,Bacterial Leaf Streak in Corn _ Crop Science US.jpg,0.0676,0.0058,0.0195,False,False,False,False
gray_leaf_blight,Bipolaris oryzae associated agent at the leaf spot disease in Cocos nucifera hyb.jpg,0.1509,0.0211,0.0940,False,True,True,True
gray_leaf_blight,"Blight in coconut leaves, Dried coconut leaves, Coconut trees infected with fung.jpg",0.2592,0.1046,0.0919,True,True,True,True
gray_leaf_blight,Blight spot of coconut tree leaf caused by insect Stock Photo.jpg,0.2212,0.0233,0.0120,False,True,False,True
gray_leaf_blight,"Bottle palms look yellow, and I seek advice - DISCUSSING PALM TREES WORLDWIDE - .jpg",0.9004,0.0475,0.0155,True,True,False,True
gray_leaf_blight,Brown Leaf Spot _ FMC Philippines.jpg,0.1527,0.0233,0.1873,False,True,True,True
gray_leaf_blight,Brown Spot of Tobacco _ NC State Extension Publications.jpg,0.5776,0.0409,0.0028,True,True,False,True
gray_leaf_blight,Brown Spotting on Dwarf Coconut Palm _ r_plantclinic.jpg,0.2508,0.0552,0.0165,False,True,False,True
gray_leaf_blight,Brown spot - IRRI Rice Knowledge Bank (1).jpg,0.0907,0.0086,0.0016,False,False,False,False
gray_leaf_blight,Brown spot - IRRI Rice Knowledge Bank.jpg,0.1342,0.0182,0.2370,False,False,True,True
gray_leaf_blight,Brown spot infected rice leaves caused by Bipolaris oryzae. A_ Typical... _ Down.jpg,0.3361,0.0415,0.1199,True,True,True,True
gray_leaf_blight,Causes and treatment of leaf spots on palm trees.jpg,0.4434,0.0509,0.1159,True,True,True,True
gray_leaf_blight,Close-up of a green coconut palm leaf with yellow spots or fungal disease sympto.jpg,0.3586,0.0030,0.0075,True,False,False,True
gray_leaf_blight,Close-up of diseased coconut palm seedling leaf with brown spots and necrosis. S.jpg,0.2621,0.0164,0.0000,True,False,False,True
gray_leaf_blight,Closeup The leaves of the coconut trees are caused by eating insects and winds. .jpg,0.4512,0.0016,0.2093,True,False,True,True
gray_leaf_blight,Cochliobolus miyabeanus - Wikipedia.jpg,0.4197,0.0530,0.0074,True,True,False,True
gray_leaf_blight,Coconut (false) scale (348).jpg,0.4561,0.0688,0.0011,True,True,False,True
gray_leaf_blight,Coconut Diseases and Pest Infestations.jpg,0.2337,0.0006,0.0185,False,False,False,False
gray_leaf_blight,Coconut Leaf Spots Common Disease Viet Stock Photo 1730850367 _ Shutterstock (1).jpg,0.4190,0.1814,0.0044,True,True,False,True
gray_leaf_blight,Coconut Leaf Spots Common Disease Viet Stock Photo 1730850367 _ Shutterstock.jpg,0.0978,0.0121,0.0046,False,False,False,False
gray_leaf_blight,Coconut Leaves Damaged By Disease Insects Stock Photo 2707015451 _ Shutterstock.jpg,0.6143,0.0044,0.0218,True,False,False,True
gray_leaf_blight,Coconut Palm Brown Leaves - Treatment (1).jpg,0.7481,0.1521,0.0195,True,True,False,True
gray_leaf_blight,Coconut Palm Brown Leaves - Treatment (2).jpg,0.7998,0.0031,0.1447,True,False,True,True
gray_leaf_blight,Coconut Palm Brown Leaves - Treatment (3).jpg,0.2466,0.0411,0.1121,False,True,True,True
gray_leaf_blight,Coconut Palm Brown Leaves - Treatment (4).jpg,0.0139,0.0012,0.0192,False,False,False,False
gray_leaf_blight,Coconut Palm Brown Leaves - Treatment.jpg,0.2746,0.1743,0.0723,True,True,True,True
gray_leaf_blight,Coconut Palm Leaf Infection Disease Make Stock Photo 1234854637 _ Shutterstock.jpg,0.1037,0.0594,0.2035,False,True,True,True
gray_leaf_blight,Coconut Tree Branch Dry Leaves in Green Background Stock Image - Image of branch.jpg,0.3027,0.0376,0.1403,True,True,True,True
gray_leaf_blight,Coconut Tree Disease Object Detection Model by Phanidhar Reddy.jpg,0.1217,0.0226,0.0140,False,True,False,True
gray_leaf_blight,Coconut Tree Disease Stock Photos - Free & Royalty-Free Stock Photos from Dreams.jpg,0.1818,0.0481,0.0197,False,True,False,True
gray_leaf_blight,"Coconut _ Diseases and Pests, Description, Uses, Propagation.jpg",0.7130,0.1010,0.1220,True,True,True,True
gray_leaf_blight,Coconut leaf spots (090) (1).jpg,0.2377,0.0007,0.0054,False,False,False,False
gray_leaf_blight,Coconut leaf spots (090) (2).jpg,0.2005,0.0187,0.2018,False,False,True,True
gray_leaf_blight,Coconut leaf stripe (139).jpg,0.0393,0.0151,0.0325,False,False,True,True
gray_leaf_blight,Coconut leaf_frond black spots. 18.99$ - DISCUSSING PALM TREES WORLDWIDE - PalmT.jpg,0.2420,0.0699,0.0539,False,True,True,True
gray_leaf_blight,Coconut leaves that grow shriveled or infertile are caused by the dwarf virus St.jpg,0.2417,0.0955,0.0331,False,True,True,True
gray_leaf_blight,"Coconut leaves, Coconut leaf background, craft material leaves. Coconut leaf sin (1).jpg",0.7935,0.1154,0.1070,True,True,True,True
gray_leaf_blight,Coconut palm brown spots_ _ r_houseplants (1).jpg,0.1066,0.0055,0.0001,False,False,False,False
gray_leaf_blight,Coconut palm brown spots_ _ r_houseplants.jpg,0.0516,0.0067,0.0002,False,False,False,False
gray_leaf_blight,Coconut plant. What is the solution of this white disease_ Please help.jpg,0.6481,0.0906,0.2263,True,True,True,True
gray_leaf_blight,Coconut seedling blight (075) (1).jpg,0.4201,0.1307,0.0117,True,True,False,True
gray_leaf_blight,Coconut thread blight (167).jpg,0.1851,0.0654,0.1135,False,True,True,True
gray_leaf_blight,Cold Damage on Palms1.jpg,0.7124,0.2286,0.0965,True,True,True,True
gray_leaf_blight,Cold damage on my coconut palm_ - WEATHER _ CLIMATE - PalmTalk.jpg,0.3210,0.0038,0.3389,True,False,True,True
gray_leaf_blight,Crop Protection Network.jpg,0.6347,0.1215,0.0075,True,True,False,True
gray_leaf_blight,DeepSeqCoco_ A Robust Mobile Friendly Deep Learning Model for Detection of Disea.jpg,0.1223,0.1021,0.0570,False,True,True,True
gray_leaf_blight,Detection of coconut leaf diseases using enhanced deep learning techniques (1).jpg,0.1031,0.0026,0.0014,False,False,False,False
gray_leaf_blight,Detection of coconut leaf diseases using enhanced deep learning techniques - San.jpg,0.2330,0.0802,0.0245,False,True,False,True
gray_leaf_blight,Detection of coconut leaf diseases using enhanced deep learning techniques.jpg,0.6319,0.4654,0.0372,True,True,True,True
gray_leaf_blight,Diagrammatic scale for spot on leaves of coconut palm seedlings caused... _ Down.jpg,0.1432,0.0218,0.6406,False,True,True,True
gray_leaf_blight,Dihydroxyhexanoic acid biosynthesis controls turgor in pathogenic fungi (1).jpg,0.0113,0.0004,0.0000,False,False,False,False
gray_leaf_blight,"Dracaena Reflexa Care_ Benefits, Growth and Common Fixes - Houseplants Nook.jpg",0.5236,0.1532,0.0333,True,True,True,True
gray_leaf_blight,Figure 3 from Gray Leaf Spot Disease of Corn _ Semantic Scholar.jpg,0.0773,0.0045,0.1026,False,False,True,True
gray_leaf_blight,Frontiers _ Application of Remote Sensing for Phenotyping Tar Spot Complex Resis.jpg,0.1107,0.0134,0.0057,False,False,False,False
gray_leaf_blight,Garden Guy Hawaii_ Coconut Mealybug.jpg,0.0203,0.0120,0.0063,False,False,False,False
gray_leaf_blight,"Good morning. I am a hobby farmer with a small lot. I hv a few dwarf coconut,one.jpg",0.5055,0.1310,0.0067,True,True,False,True
gray_leaf_blight,GrayLeafSpot002.jpg,0.1027,0.1170,0.0602,False,True,True,True
gray_leaf_blight,GrayLeafSpot003.jpg,0.1013,0.1133,0.0646,False,True,True,True
gray_leaf_blight,GrayLeafSpot020.jpg,0.1079,0.1013,0.0425,False,True,True,True
gray_leaf_blight,GrayLeafSpot021.jpg,0.1047,0.0981,0.0368,False,True,True,True
gray_leaf_blight,GrayLeafSpot022.jpg,0.1040,0.1192,0.0265,False,True,True,True
gray_leaf_blight,GrayLeafSpot031.jpg,0.1143,0.1013,0.0419,False,True,True,True
gray_leaf_blight,GrayLeafSpot032.jpg,0.1068,0.1042,0.0580,False,True,True,True
gray_leaf_blight,GrayLeafSpot035.jpg,0.1135,0.1029,0.0451,False,True,True,True
gray_leaf_blight,GrayLeafSpot056.jpg,0.0451,0.1230,0.0318,False,True,True,True
gray_leaf_blight,GrayLeafSpot057.jpg,0.0403,0.1601,0.0269,False,True,True,True
gray_leaf_blight,GrayLeafSpot060.jpg,0.1113,0.0263,0.0045,False,True,False,True
gray_leaf_blight,GrayLeafSpot061.jpg,0.1139,0.0280,0.0062,False,True,False,True
gray_leaf_blight,GrayLeafSpot062.jpg,0.1208,0.0280,0.0152,False,True,False,True
gray_leaf_blight,GrayLeafSpot064.jpg,0.0837,0.0255,0.0192,False,True,False,True
gray_leaf_blight,GrayLeafSpot065.jpg,0.0978,0.0290,0.0145,False,True,False,True
gray_leaf_blight,GrayLeafSpot066.jpg,0.0852,0.0295,0.0169,False,True,False,True
gray_leaf_blight,GrayLeafSpot067.jpg,0.0745,0.0260,0.0165,False,True,False,True
gray_leaf_blight,GrayLeafSpot068.jpg,0.0866,0.0293,0.0179,False,True,False,True
gray_leaf_blight,GrayLeafSpot069.jpg,0.0943,0.0314,0.0292,False,True,True,True
gray_leaf_blight,GrayLeafSpot070.jpg,0.0978,0.0313,0.0246,False,True,False,True
gray_leaf_blight,GrayLeafSpot071.jpg,0.1057,0.0314,0.0182,False,True,False,True
gray_leaf_blight,GrayLeafSpot072.jpg,0.1198,0.0265,0.0105,False,True,False,True
gray_leaf_blight,GrayLeafSpot078.jpg,0.1136,0.0135,0.0044,False,False,False,False
gray_leaf_blight,GrayLeafSpot079.jpg,0.1283,0.0132,0.0028,False,False,False,False
gray_leaf_blight,GrayLeafSpot083.jpg,0.1536,0.0178,0.0023,False,False,False,False
gray_leaf_blight,GrayLeafSpot084.jpg,0.1446,0.0194,0.0064,False,False,False,False
gray_leaf_blight,GrayLeafSpot085.jpg,0.1551,0.0202,0.0022,False,True,False,True
gray_leaf_blight,GrayLeafSpot086.jpg,0.0604,0.0190,0.0475,False,False,True,True
gray_leaf_blight,GrayLeafSpot089.jpg,0.0658,0.0201,0.0356,False,True,True,True
gray_leaf_blight,GrayLeafSpot090.jpg,0.0643,0.0204,0.0398,False,True,True,True
gray_leaf_blight,GrayLeafSpot094.jpg,0.0740,0.0213,0.0397,False,True,True,True
gray_leaf_blight,GrayLeafSpot095.jpg,0.0853,0.0223,0.0315,False,True,True,True
gray_leaf_blight,GrayLeafSpot1000.jpg,0.3085,0.1186,0.0213,True,True,False,True
gray_leaf_blight,GrayLeafSpot1001.jpg,0.3049,0.1284,0.0256,True,True,False,True
gray_leaf_blight,GrayLeafSpot1002.jpg,0.3026,0.1380,0.0291,True,True,True,True
gray_leaf_blight,GrayLeafSpot1003.jpg,0.3098,0.1544,0.0324,True,True,True,True
gray_leaf_blight,GrayLeafSpot1004.jpg,0.2986,0.2003,0.0332,True,True,True,True
gray_leaf_blight,GrayLeafSpot1005.jpg,0.3068,0.1251,0.0129,True,True,False,True
gray_leaf_blight,GrayLeafSpot1006.jpg,0.2887,0.0943,0.0098,True,True,False,True
gray_leaf_blight,GrayLeafSpot1007.jpg,0.2771,0.0700,0.0091,True,True,False,True
gray_leaf_blight,GrayLeafSpot1009.jpg,0.2816,0.0721,0.0126,True,True,False,True
gray_leaf_blight,GrayLeafSpot101.jpg,0.0768,0.0131,0.0187,False,False,False,False
gray_leaf_blight,GrayLeafSpot1010.jpg,0.2868,0.0945,0.0140,True,True,False,True
gray_leaf_blight,GrayLeafSpot1011.jpg,0.3106,0.1604,0.0170,True,True,False,True
gray_leaf_blight,GrayLeafSpot1012.jpg,0.3076,0.1736,0.0206,True,True,False,True
gray_leaf_blight,GrayLeafSpot1013.jpg,0.2935,0.1707,0.0180,True,True,False,True
gray_leaf_blight,GrayLeafSpot1014.jpg,0.2968,0.1636,0.0195,True,True,False,True
gray_leaf_blight,GrayLeafSpot1015.jpg,0.2974,0.1134,0.0134,True,True,False,True
gray_leaf_blight,GrayLeafSpot1016.jpg,0.3001,0.0873,0.0118,True,True,False,True
gray_leaf_blight,GrayLeafSpot1017.jpg,0.2905,0.0733,0.0150,True,True,False,True
gray_leaf_blight,GrayLeafSpot1018.jpg,0.2822,0.0730,0.0167,True,True,False,True
gray_leaf_blight,GrayLeafSpot1019.jpg,0.2870,0.0656,0.0168,True,True,False,True
gray_leaf_blight,GrayLeafSpot102.jpg,0.0671,0.0146,0.0247,False,False,False,False
gray_leaf_blight,GrayLeafSpot1020.jpg,0.1896,0.0926,0.1388,False,True,True,True
gray_leaf_blight,GrayLeafSpot1024.jpg,0.1597,0.0737,0.1490,False,True,True,True
gray_leaf_blight,GrayLeafSpot1027.jpg,0.1664,0.0739,0.1602,False,True,True,True
gray_leaf_blight,GrayLeafSpot1028.jpg,0.1835,0.0671,0.1558,False,True,True,True
gray_leaf_blight,GrayLeafSpot1029.jpg,0.1953,0.0605,0.1515,False,True,True,True
gray_leaf_blight,GrayLeafSpot103.jpg,0.0745,0.0118,0.0218,False,False,False,False
gray_leaf_blight,GrayLeafSpot1030.jpg,0.2036,0.0574,0.1317,False,True,True,True
gray_leaf_blight,GrayLeafSpot1031.jpg,0.2154,0.0627,0.1277,False,True,True,True
gray_leaf_blight,GrayLeafSpot1032.jpg,0.2226,0.0650,0.1006,False,True,True,True
gray_leaf_blight,GrayLeafSpot1033.jpg,0.2356,0.0704,0.0891,False,True,True,True
gray_leaf_blight,GrayLeafSpot1034.jpg,0.2624,0.0743,0.0621,True,True,True,True
gray_leaf_blight,GrayLeafSpot1035.jpg,0.2671,0.0735,0.0603,True,True,True,True
gray_leaf_blight,GrayLeafSpot1036.jpg,0.2566,0.0623,0.0724,True,True,True,True
gray_leaf_blight,GrayLeafSpot1037.jpg,0.2532,0.0647,0.0701,True,True,True,True
gray_leaf_blight,GrayLeafSpot1038.jpg,0.2326,0.0573,0.0934,False,True,True,True
gray_leaf_blight,GrayLeafSpot1039.jpg,0.2308,0.0617,0.1242,False,True,True,True
gray_leaf_blight,GrayLeafSpot1040.jpg,0.2311,0.0583,0.1235,False,True,True,True
gray_leaf_blight,GrayLeafSpot1041.jpg,0.2270,0.0661,0.1204,False,True,True,True
gray_leaf_blight,GrayLeafSpot1042.jpg,0.2132,0.0710,0.1156,False,True,True,True
gray_leaf_blight,GrayLeafSpot1043.jpg,0.2059,0.0800,0.1183,False,True,True,True
gray_leaf_blight,GrayLeafSpot1044.jpg,0.2069,0.0938,0.1371,False,True,True,True
gray_leaf_blight,GrayLeafSpot1045.jpg,0.1970,0.0984,0.1472,False,True,True,True
gray_leaf_blight,GrayLeafSpot1046.jpg,0.1806,0.0971,0.1402,False,True,True,True
gray_leaf_blight,GrayLeafSpot1047.jpg,0.1756,0.0976,0.1412,False,True,True,True
gray_leaf_blight,GrayLeafSpot1049.jpg,0.1954,0.1205,0.1354,False,True,True,True
gray_leaf_blight,GrayLeafSpot1050.jpg,0.1500,0.3571,0.0230,False,True,False,True
gray_leaf_blight,GrayLeafSpot1054.jpg,0.1479,0.3273,0.0147,False,True,False,True
gray_leaf_blight,GrayLeafSpot1055.jpg,0.1516,0.3628,0.0281,False,True,True,True
gray_leaf_blight,GrayLeafSpot1056.jpg,0.1291,0.3211,0.0279,False,True,True,True
gray_leaf_blight,GrayLeafSpot1057.jpg,0.1395,0.3273,0.0391,False,True,True,True
gray_leaf_blight,GrayLeafSpot1058.jpg,0.1363,0.3348,0.0509,False,True,True,True
gray_leaf_blight,GrayLeafSpot1059.jpg,0.1360,0.3559,0.0635,False,True,True,True
gray_leaf_blight,GrayLeafSpot1060.jpg,0.1302,0.3614,0.0774,False,True,True,True
gray_leaf_blight,GrayLeafSpot1062.jpg,0.1635,0.3771,0.1144,False,True,True,True
gray_leaf_blight,GrayLeafSpot1063.jpg,0.1701,0.3795,0.0965,False,True,True,True
gray_leaf_blight,GrayLeafSpot1064.jpg,0.1663,0.3786,0.0579,False,True,True,True
gray_leaf_blight,GrayLeafSpot1065.jpg,0.1499,0.3925,0.0694,False,True,True,True
gray_leaf_blight,GrayLeafSpot1066.jpg,0.1909,0.4146,0.0848,False,True,True,True
gray_leaf_blight,GrayLeafSpot1067.jpg,0.1987,0.4101,0.0746,False,True,True,True
gray_leaf_blight,GrayLeafSpot1068.jpg,0.2338,0.4146,0.0805,False,True,True,True
gray_leaf_blight,GrayLeafSpot1069.jpg,0.2428,0.4124,0.0469,False,True,True,True
gray_leaf_blight,GrayLeafSpot1070.jpg,0.1939,0.3678,0.0250,False,True,False,True
gray_leaf_blight,GrayLeafSpot1071.jpg,0.1920,0.3741,0.0212,False,True,False,True
gray_leaf_blight,GrayLeafSpot1072.jpg,0.1804,0.3818,0.0194,False,True,False,True
gray_leaf_blight,GrayLeafSpot1073.jpg,0.1739,0.3842,0.0202,False,True,False,True
gray_leaf_blight,GrayLeafSpot1074.jpg,0.1762,0.3796,0.0194,False,True,False,True
gray_leaf_blight,GrayLeafSpot1075.jpg,0.2659,0.0596,0.0166,True,True,False,True
gray_leaf_blight,GrayLeafSpot1077.jpg,0.2593,0.0550,0.0171,True,True,False,True
gray_leaf_blight,GrayLeafSpot1079.jpg,0.2609,0.0692,0.0194,True,True,False,True
gray_leaf_blight,GrayLeafSpot1080.jpg,0.2736,0.0870,0.0226,True,True,False,True
gray_leaf_blight,GrayLeafSpot1083.jpg,0.2928,0.0920,0.0196,True,True,False,True
gray_leaf_blight,GrayLeafSpot1088.jpg,0.3099,0.0808,0.0216,True,True,False,True
gray_leaf_blight,GrayLeafSpot1089.jpg,0.3224,0.0855,0.0235,True,True,False,True
gray_leaf_blight,GrayLeafSpot1090.jpg,0.3421,0.0874,0.0213,True,True,False,True
gray_leaf_blight,GrayLeafSpot1092.jpg,0.3479,0.0692,0.0198,True,True,False,True
gray_leaf_blight,GrayLeafSpot1093.jpg,0.3395,0.0802,0.0172,True,True,False,True
gray_leaf_blight,GrayLeafSpot1094.jpg,0.3274,0.0883,0.0184,True,True,False,True
gray_leaf_blight,GrayLeafSpot1095.jpg,0.4135,0.0462,0.0284,True,True,True,True
gray_leaf_blight,GrayLeafSpot1096.jpg,0.4118,0.0489,0.0285,True,True,True,True
gray_leaf_blight,GrayLeafSpot1099.jpg,0.4168,0.0485,0.0250,True,True,False,True
gray_leaf_blight,GrayLeafSpot110.jpg,0.0626,0.0123,0.0367,False,False,True,True
gray_leaf_blight,GrayLeafSpot1100.jpg,0.4141,0.0477,0.0260,True,True,True,True
gray_leaf_blight,GrayLeafSpot1101.jpg,0.4139,0.0515,0.0275,True,True,True,True
gray_leaf_blight,GrayLeafSpot1102.jpg,0.4191,0.0474,0.0221,True,True,False,True
gray_leaf_blight,GrayLeafSpot1103.jpg,0.4385,0.0450,0.0211,True,True,False,True
gray_leaf_blight,GrayLeafSpot1104.jpg,0.4588,0.0552,0.0211,True,True,False,True
gray_leaf_blight,GrayLeafSpot1105.jpg,0.4733,0.0504,0.0116,True,True,False,True
gray_leaf_blight,GrayLeafSpot1106.jpg,0.4108,0.0412,0.0098,True,True,False,True
gray_leaf_blight,GrayLeafSpot1107.jpg,0.3616,0.0306,0.0097,True,True,False,True
gray_leaf_blight,GrayLeafSpot1108.jpg,0.3156,0.0230,0.0115,True,True,False,True
gray_leaf_blight,GrayLeafSpot1109.jpg,0.2753,0.0168,0.0143,True,False,False,True
gray_leaf_blight,GrayLeafSpot111.jpg,0.0745,0.0159,0.0349,False,False,True,True
gray_leaf_blight,GrayLeafSpot1110.jpg,0.2491,0.0139,0.0209,False,False,False,False
gray_leaf_blight,GrayLeafSpot1111.jpg,0.2429,0.0147,0.0220,False,False,False,False
gray_leaf_blight,GrayLeafSpot1112.jpg,0.3057,0.0194,0.0273,True,False,True,True
gray_leaf_blight,GrayLeafSpot1113.jpg,0.3770,0.0388,0.0297,True,True,True,True
gray_leaf_blight,GrayLeafSpot1114.jpg,0.4185,0.0706,0.0270,True,True,True,True
gray_leaf_blight,GrayLeafSpot1115.jpg,0.3977,0.0720,0.0348,True,True,True,True
gray_leaf_blight,GrayLeafSpot1116.jpg,0.3804,0.0683,0.0347,True,True,True,True
gray_leaf_blight,GrayLeafSpot1117.jpg,0.3701,0.0695,0.0378,True,True,True,True
gray_leaf_blight,GrayLeafSpot1118.jpg,0.3601,0.0682,0.0386,True,True,True,True
gray_leaf_blight,GrayLeafSpot1119.jpg,0.3825,0.0748,0.0388,True,True,True,True
gray_leaf_blight,GrayLeafSpot1120.jpg,0.4184,0.0829,0.0325,True,True,True,True
gray_leaf_blight,GrayLeafSpot1121.jpg,0.4543,0.0724,0.0259,True,True,True,True
gray_leaf_blight,GrayLeafSpot1122.jpg,0.4717,0.0716,0.0215,True,True,False,True
gray_leaf_blight,GrayLeafSpot1123.jpg,0.4752,0.0637,0.0202,True,True,False,True
gray_leaf_blight,GrayLeafSpot1124.jpg,0.4491,0.0647,0.0238,True,True,False,True
gray_leaf_blight,GrayLeafSpot1125.jpg,0.3261,0.0466,0.0289,True,True,True,True
gray_leaf_blight,GrayLeafSpot1127.jpg,0.3691,0.0748,0.0281,True,True,True,True
gray_leaf_blight,GrayLeafSpot1128.jpg,0.3679,0.0752,0.0256,True,True,False,True
gray_leaf_blight,GrayLeafSpot1129.jpg,0.3661,0.0703,0.0256,True,True,False,True
gray_leaf_blight,GrayLeafSpot113.jpg,0.0768,0.0154,0.0416,False,False,True,True
gray_leaf_blight,GrayLeafSpot1130.jpg,0.3635,0.0679,0.0266,True,True,True,True
gray_leaf_blight,GrayLeafSpot1131.jpg,0.3591,0.0665,0.0241,True,True,False,True
gray_leaf_blight,GrayLeafSpot1132.jpg,0.3460,0.0656,0.0235,True,True,False,True
gray_leaf_blight,GrayLeafSpot1133.jpg,0.3564,0.0542,0.0195,True,True,False,True
gray_leaf_blight,GrayLeafSpot1134.jpg,0.3620,0.0500,0.0161,True,True,False,True
gray_leaf_blight,GrayLeafSpot1135.jpg,0.2865,0.0273,0.0151,True,True,False,True
gray_leaf_blight,GrayLeafSpot1137.jpg,0.2167,0.0161,0.0120,False,False,False,False
gray_leaf_blight,GrayLeafSpot1138.jpg,0.2159,0.0176,0.0115,False,False,False,False
gray_leaf_blight,GrayLeafSpot1139.jpg,0.2358,0.0179,0.0110,False,False,False,False
gray_leaf_blight,GrayLeafSpot114.jpg,0.0742,0.0135,0.0463,False,False,True,True
gray_leaf_blight,GrayLeafSpot1140.jpg,0.2728,0.0200,0.0095,True,False,False,True
gray_leaf_blight,GrayLeafSpot1141.jpg,0.3041,0.0212,0.0088,True,True,False,True
gray_leaf_blight,GrayLeafSpot1142.jpg,0.2790,0.0177,0.0090,True,False,False,True
gray_leaf_blight,GrayLeafSpot1143.jpg,0.2312,0.0139,0.0125,False,False,False,False
gray_leaf_blight,GrayLeafSpot1144.jpg,0.2351,0.0141,0.0127,False,False,False,False
gray_leaf_blight,GrayLeafSpot1145.jpg,0.2557,0.0155,0.0176,True,False,False,True
gray_leaf_blight,GrayLeafSpot1146.jpg,0.2769,0.0156,0.0198,True,False,False,True
gray_leaf_blight,GrayLeafSpot1147.jpg,0.3567,0.0321,0.0274,True,True,True,True
gray_leaf_blight,GrayLeafSpot1148.jpg,0.3922,0.0537,0.0319,True,True,True,True
gray_leaf_blight,GrayLeafSpot1149.jpg,0.3599,0.0541,0.0343,True,True,True,True
gray_leaf_blight,GrayLeafSpot1150.jpg,0.3603,0.0624,0.0361,True,True,True,True
gray_leaf_blight,GrayLeafSpot1151.jpg,0.3708,0.0709,0.0403,True,True,True,True
gray_leaf_blight,GrayLeafSpot1152.jpg,0.3651,0.0810,0.0419,True,True,True,True
gray_leaf_blight,GrayLeafSpot1154.jpg,0.4090,0.0990,0.0427,True,True,True,True
gray_leaf_blight,GrayLeafSpot1155.jpg,0.3996,0.0113,0.0077,True,False,False,True
gray_leaf_blight,GrayLeafSpot1156.jpg,0.3660,0.0104,0.0083,True,False,False,True
gray_leaf_blight,GrayLeafSpot1157.jpg,0.3735,0.0116,0.0085,True,False,False,True
gray_leaf_blight,GrayLeafSpot1158.jpg,0.3915,0.0115,0.0093,True,False,False,True
gray_leaf_blight,GrayLeafSpot1159.jpg,0.4743,0.0142,0.0095,True,False,False,True
gray_leaf_blight,GrayLeafSpot116.jpg,0.0550,0.0113,0.0331,False,False,True,True
gray_leaf_blight,GrayLeafSpot1160.jpg,0.5022,0.0153,0.0104,True,False,False,True
gray_leaf_blight,GrayLeafSpot1161.jpg,0.5609,0.0149,0.0103,True,False,False,True
gray_leaf_blight,GrayLeafSpot1162.jpg,0.5506,0.0145,0.0087,True,False,False,True
gray_leaf_blight,GrayLeafSpot1163.jpg,0.5292,0.0145,0.0063,True,False,False,True
gray_leaf_blight,GrayLeafSpot1164.jpg,0.5051,0.0144,0.0071,True,False,False,True
gray_leaf_blight,GrayLeafSpot1165.jpg,0.4702,0.0145,0.0075,True,False,False,True
gray_leaf_blight,GrayLeafSpot1166.jpg,0.4576,0.0149,0.0103,True,False,False,True
gray_leaf_blight,GrayLeafSpot1167.jpg,0.4712,0.0160,0.0091,True,False,False,True
gray_leaf_blight,GrayLeafSpot1168.jpg,0.5002,0.0137,0.0063,True,False,False,True
gray_leaf_blight,GrayLeafSpot1169.jpg,0.4434,0.0110,0.0046,True,False,False,True
gray_leaf_blight,GrayLeafSpot117.jpg,0.0677,0.0109,0.0271,False,False,True,True
gray_leaf_blight,GrayLeafSpot1170.jpg,0.4081,0.0105,0.0046,True,False,False,True
gray_leaf_blight,GrayLeafSpot1171.jpg,0.4267,0.0106,0.0017,True,False,False,True
gray_leaf_blight,GrayLeafSpot1172.jpg,0.4124,0.0097,0.0017,True,False,False,True
gray_leaf_blight,GrayLeafSpot1173.jpg,0.3833,0.0150,0.0023,True,False,False,True
gray_leaf_blight,GrayLeafSpot1174.jpg,0.4063,0.0139,0.0012,True,False,False,True
gray_leaf_blight,GrayLeafSpot1175.jpg,0.5050,0.0176,0.0018,True,False,False,True
gray_leaf_blight,GrayLeafSpot1176.jpg,0.5677,0.0216,0.0029,True,True,False,True
gray_leaf_blight,GrayLeafSpot118.jpg,0.0587,0.0139,0.0441,False,False,True,True
gray_leaf_blight,GrayLeafSpot1180.jpg,0.1908,0.0969,0.0101,False,True,False,True
gray_leaf_blight,GrayLeafSpot1187.jpg,0.2253,0.1292,0.0090,False,True,False,True
gray_leaf_blight,GrayLeafSpot1188.jpg,0.2501,0.1453,0.0076,False,True,False,True
gray_leaf_blight,GrayLeafSpot1189.jpg,0.2221,0.1323,0.0104,False,True,False,True
gray_leaf_blight,GrayLeafSpot119.jpg,0.0626,0.0115,0.0384,False,False,True,True
gray_leaf_blight,GrayLeafSpot1190.jpg,0.2165,0.1351,0.0124,False,True,False,True
gray_leaf_blight,GrayLeafSpot1191.jpg,0.2133,0.1270,0.0135,False,True,False,True
gray_leaf_blight,GrayLeafSpot1192.jpg,0.2111,0.1177,0.0155,False,True,False,True
gray_leaf_blight,GrayLeafSpot1193.jpg,0.2134,0.1163,0.0138,False,True,False,True
gray_leaf_blight,GrayLeafSpot1194.jpg,0.2157,0.1111,0.0134,False,True,False,True
gray_leaf_blight,GrayLeafSpot1195.jpg,0.2351,0.1240,0.0135,False,True,False,True
gray_leaf_blight,GrayLeafSpot1196.jpg,0.2482,0.1263,0.0117,False,True,False,True
gray_leaf_blight,GrayLeafSpot1197.jpg,0.2547,0.1276,0.0115,True,True,False,True
gray_leaf_blight,GrayLeafSpot1198.jpg,0.2620,0.1240,0.0101,True,True,False,True
gray_leaf_blight,GrayLeafSpot1199.jpg,0.2865,0.1301,0.0153,True,True,False,True
gray_leaf_blight,GrayLeafSpot120.jpg,0.0206,0.0015,0.0269,False,False,True,True
gray_leaf_blight,GrayLeafSpot1200.jpg,0.2808,0.1281,0.0156,True,True,False,True
gray_leaf_blight,GrayLeafSpot1201.jpg,0.2879,0.1358,0.0117,True,True,False,True
gray_leaf_blight,GrayLeafSpot1202.jpg,0.2819,0.1279,0.0168,True,True,False,True
gray_leaf_blight,GrayLeafSpot1203.jpg,0.2529,0.1195,0.0123,True,True,False,True
gray_leaf_blight,GrayLeafSpot1204.jpg,0.2545,0.1175,0.0099,True,True,False,True
gray_leaf_blight,GrayLeafSpot1205.jpg,0.2378,0.1033,0.0055,False,True,False,True
gray_leaf_blight,GrayLeafSpot1206.jpg,0.2061,0.0787,0.0057,False,True,False,True
gray_leaf_blight,GrayLeafSpot1207.jpg,0.2094,0.0748,0.0033,False,True,False,True
gray_leaf_blight,GrayLeafSpot1208.jpg,0.2094,0.0703,0.0036,False,True,False,True
gray_leaf_blight,GrayLeafSpot1209.jpg,0.2151,0.0909,0.0071,False,True,False,True
gray_leaf_blight,GrayLeafSpot121.jpg,0.0685,0.0076,0.0447,False,False,True,True
gray_leaf_blight,GrayLeafSpot1210.jpg,0.2234,0.0950,0.0096,False,True,False,True
gray_leaf_blight,GrayLeafSpot1212.jpg,0.2309,0.0951,0.0070,False,True,False,True
gray_leaf_blight,GrayLeafSpot1213.jpg,0.2121,0.0923,0.0096,False,True,False,True
gray_leaf_blight,GrayLeafSpot1214.jpg,0.2181,0.1016,0.0120,False,True,False,True
gray_leaf_blight,GrayLeafSpot1215.jpg,0.2403,0.1366,0.0114,False,True,False,True
gray_leaf_blight,GrayLeafSpot1216.jpg,0.2339,0.1309,0.0168,False,True,False,True
gray_leaf_blight,GrayLeafSpot1217.jpg,0.2457,0.1461,0.0216,False,True,False,True
gray_leaf_blight,GrayLeafSpot1218.jpg,0.2500,0.1414,0.0229,False,True,False,True
gray_leaf_blight,GrayLeafSpot1219.jpg,0.2483,0.1214,0.0256,False,True,False,True
gray_leaf_blight,GrayLeafSpot122.jpg,0.0578,0.0093,0.0484,False,False,True,True
gray_leaf_blight,GrayLeafSpot1220.jpg,0.2630,0.1397,0.0344,True,True,True,True
gray_leaf_blight,GrayLeafSpot1221.jpg,0.2598,0.1357,0.0480,True,True,True,True
gray_leaf_blight,GrayLeafSpot1222.jpg,0.2578,0.1381,0.0510,True,True,True,True
gray_leaf_blight,GrayLeafSpot1223.jpg,0.2456,0.1358,0.0610,False,True,True,True
gray_leaf_blight,GrayLeafSpot1224.jpg,0.2430,0.1272,0.0736,False,True,True,True
gray_leaf_blight,GrayLeafSpot1225.jpg,0.2746,0.1309,0.0773,True,True,True,True
gray_leaf_blight,GrayLeafSpot1226.jpg,0.2616,0.1358,0.0740,True,True,True,True
gray_leaf_blight,GrayLeafSpot1227.jpg,0.2930,0.1625,0.0805,True,True,True,True
gray_leaf_blight,GrayLeafSpot1228.jpg,0.2823,0.1531,0.0577,True,True,True,True
gray_leaf_blight,GrayLeafSpot1229.jpg,0.2985,0.1461,0.0255,True,True,False,True
gray_leaf_blight,GrayLeafSpot123.jpg,0.0590,0.0085,0.0435,False,False,True,True
gray_leaf_blight,GrayLeafSpot1230.jpg,0.3012,0.1421,0.0183,True,True,False,True
gray_leaf_blight,GrayLeafSpot1231.jpg,0.2965,0.1323,0.0150,True,True,False,True
gray_leaf_blight,GrayLeafSpot1232.jpg,0.3184,0.1326,0.0150,True,True,False,True
gray_leaf_blight,GrayLeafSpot1234.jpg,0.3193,0.1383,0.0115,True,True,False,True
gray_leaf_blight,GrayLeafSpot1235.jpg,0.3377,0.1444,0.0131,True,True,False,True
gray_leaf_blight,GrayLeafSpot1236.jpg,0.3519,0.1641,0.0179,True,True,False,True
gray_leaf_blight,GrayLeafSpot1239.jpg,0.3321,0.1598,0.0289,True,True,True,True
gray_leaf_blight,GrayLeafSpot124.jpg,0.0575,0.0078,0.0420,False,False,True,True
gray_leaf_blight,GrayLeafSpot1240.jpg,0.1545,0.0223,0.0059,False,True,False,True
gray_leaf_blight,GrayLeafSpot1244.jpg,0.1546,0.0191,0.0096,False,False,False,False
gray_leaf_blight,GrayLeafSpot1245.jpg,0.1482,0.0188,0.0085,False,False,False,False
gray_leaf_blight,GrayLeafSpot1246.jpg,0.1542,0.0207,0.0091,False,True,False,True
gray_leaf_blight,GrayLeafSpot1248.jpg,0.1677,0.0216,0.0041,False,True,False,True
gray_leaf_blight,GrayLeafSpot1249.jpg,0.1611,0.0212,0.0024,False,True,False,True
gray_leaf_blight,GrayLeafSpot125.jpg,0.0675,0.0077,0.0377,False,False,True,True
gray_leaf_blight,GrayLeafSpot1250.jpg,0.1628,0.0193,0.0013,False,False,False,False
gray_leaf_blight,GrayLeafSpot1251.jpg,0.1541,0.0183,0.0010,False,False,False,False
gray_leaf_blight,GrayLeafSpot1256.jpg,0.1576,0.0181,0.0023,False,False,False,False
gray_leaf_blight,GrayLeafSpot1257.jpg,0.1517,0.0201,0.0023,False,True,False,True
gray_leaf_blight,GrayLeafSpot1258.jpg,0.1564,0.0185,0.0026,False,False,False,False
gray_leaf_blight,GrayLeafSpot1259.jpg,0.1606,0.0186,0.0034,False,False,False,False
gray_leaf_blight,GrayLeafSpot1260.jpg,0.1625,0.1204,0.2850,False,True,True,True
gray_leaf_blight,GrayLeafSpot1261.jpg,0.1630,0.1224,0.2864,False,True,True,True
gray_leaf_blight,GrayLeafSpot1266.jpg,0.1609,0.1314,0.2924,False,True,True,True
gray_leaf_blight,GrayLeafSpot1267.jpg,0.1610,0.1298,0.2898,False,True,True,True
gray_leaf_blight,GrayLeafSpot1268.jpg,0.1666,0.1324,0.2770,False,True,True,True
gray_leaf_blight,GrayLeafSpot1269.jpg,0.1669,0.1302,0.2745,False,True,True,True
gray_leaf_blight,GrayLeafSpot127.jpg,0.0620,0.0091,0.0557,False,False,True,True
gray_leaf_blight,GrayLeafSpot1270.jpg,0.1687,0.1283,0.2795,False,True,True,True
gray_leaf_blight,GrayLeafSpot1271.jpg,0.1620,0.1348,0.3169,False,True,True,True
gray_leaf_blight,GrayLeafSpot1272.jpg,0.1474,0.1300,0.3686,False,True,True,True
gray_leaf_blight,GrayLeafSpot1273.jpg,0.1430,0.1329,0.4158,False,True,True,True
gray_leaf_blight,GrayLeafSpot1274.jpg,0.1403,0.1252,0.4016,False,True,True,True
gray_leaf_blight,GrayLeafSpot1275.jpg,0.1509,0.1312,0.3503,False,True,True,True
gray_leaf_blight,GrayLeafSpot1276.jpg,0.1424,0.1251,0.3323,False,True,True,True
gray_leaf_blight,GrayLeafSpot1277.jpg,0.1469,0.1264,0.3262,False,True,True,True
gray_leaf_blight,GrayLeafSpot1278.jpg,0.1496,0.1335,0.3494,False,True,True,True
gray_leaf_blight,GrayLeafSpot1279.jpg,0.1506,0.1370,0.3699,False,True,True,True
gray_leaf_blight,GrayLeafSpot128.jpg,0.0738,0.0101,0.0652,False,False,True,True
gray_leaf_blight,GrayLeafSpot1280.jpg,0.1942,0.1644,0.2937,False,True,True,True
gray_leaf_blight,GrayLeafSpot1281.jpg,0.1942,0.1552,0.2538,False,True,True,True
gray_leaf_blight,GrayLeafSpot1282.jpg,0.1572,0.1386,0.2600,False,True,True,True
gray_leaf_blight,GrayLeafSpot1283.jpg,0.1412,0.1374,0.2880,False,True,True,True
gray_leaf_blight,GrayLeafSpot1284.jpg,0.1520,0.1487,0.3067,False,True,True,True
gray_leaf_blight,GrayLeafSpot1285.jpg,0.1535,0.1510,0.2704,False,True,True,True
gray_leaf_blight,GrayLeafSpot1286.jpg,0.1574,0.1632,0.2688,False,True,True,True
gray_leaf_blight,GrayLeafSpot1287.jpg,0.1820,0.1691,0.2223,False,True,True,True
gray_leaf_blight,GrayLeafSpot1288.jpg,0.1759,0.1723,0.2167,False,True,True,True
gray_leaf_blight,GrayLeafSpot1289.jpg,0.1828,0.1719,0.1796,False,True,True,True
gray_leaf_blight,GrayLeafSpot129.jpg,0.0826,0.0154,0.0768,False,False,True,True
gray_leaf_blight,GrayLeafSpot1290.jpg,0.1642,0.1869,0.0919,False,True,True,True
gray_leaf_blight,GrayLeafSpot1291.jpg,0.1661,0.1814,0.0894,False,True,True,True
gray_leaf_blight,GrayLeafSpot1292.jpg,0.1678,0.1805,0.0873,False,True,True,True
gray_leaf_blight,GrayLeafSpot1293.jpg,0.1615,0.1833,0.1062,False,True,True,True
gray_leaf_blight,GrayLeafSpot1294.jpg,0.1608,0.1757,0.1270,False,True,True,True
gray_leaf_blight,GrayLeafSpot1295.jpg,0.1543,0.1782,0.1397,False,True,True,True
gray_leaf_blight,GrayLeafSpot1296.jpg,0.1612,0.1810,0.1474,False,True,True,True
gray_leaf_blight,GrayLeafSpot1297.jpg,0.1664,0.1762,0.1489,False,True,True,True
gray_leaf_blight,GrayLeafSpot1298.jpg,0.1737,0.1713,0.1614,False,True,True,True
gray_leaf_blight,GrayLeafSpot1299.jpg,0.1804,0.1759,0.1626,False,True,True,True
gray_leaf_blight,GrayLeafSpot130.jpg,0.0857,0.0176,0.0728,False,False,True,True
gray_leaf_blight,GrayLeafSpot1300.jpg,0.1765,0.1586,0.1630,False,True,True,True
gray_leaf_blight,GrayLeafSpot1301.jpg,0.1655,0.1530,0.1957,False,True,True,True
gray_leaf_blight,GrayLeafSpot1302.jpg,0.1559,0.1482,0.2538,False,True,True,True
gray_leaf_blight,GrayLeafSpot1303.jpg,0.1584,0.1460,0.2940,False,True,True,True
gray_leaf_blight,GrayLeafSpot1304.jpg,0.1726,0.1485,0.2754,False,True,True,True
gray_leaf_blight,GrayLeafSpot1305.jpg,0.1698,0.1589,0.3349,False,True,True,True
gray_leaf_blight,GrayLeafSpot1306.jpg,0.1385,0.1468,0.4034,False,True,True,True
gray_leaf_blight,GrayLeafSpot1307.jpg,0.1191,0.1491,0.4460,False,True,True,True
gray_leaf_blight,GrayLeafSpot1308.jpg,0.1188,0.1368,0.4494,False,True,True,True
gray_leaf_blight,GrayLeafSpot1309.jpg,0.1298,0.1375,0.3942,False,True,True,True
gray_leaf_blight,GrayLeafSpot131.jpg,0.0930,0.0143,0.0396,False,False,True,True
gray_leaf_blight,GrayLeafSpot1310.jpg,0.1271,0.1300,0.3515,False,True,True,True
gray_leaf_blight,GrayLeafSpot1311.jpg,0.1302,0.1273,0.3876,False,True,True,True
gray_leaf_blight,GrayLeafSpot1312.jpg,0.1314,0.1227,0.3738,False,True,True,True
gray_leaf_blight,GrayLeafSpot1313.jpg,0.1026,0.0112,0.0079,False,False,False,False
gray_leaf_blight,GrayLeafSpot1314.jpg,0.1063,0.0097,0.0085,False,False,False,False
gray_leaf_blight,GrayLeafSpot1315.jpg,0.1073,0.0105,0.0093,False,False,False,False
gray_leaf_blight,GrayLeafSpot1319.jpg,0.1164,0.0096,0.0092,False,False,False,False
gray_leaf_blight,GrayLeafSpot132.jpg,0.0981,0.0146,0.0326,False,False,True,True
gray_leaf_blight,GrayLeafSpot1320.jpg,0.1195,0.0095,0.0091,False,False,False,False
gray_leaf_blight,GrayLeafSpot1321.jpg,0.1144,0.0087,0.0069,False,False,False,False
gray_leaf_blight,GrayLeafSpot1322.jpg,0.1097,0.0089,0.0068,False,False,False,False
gray_leaf_blight,GrayLeafSpot1323.jpg,0.1110,0.0094,0.0059,False,False,False,False
gray_leaf_blight,GrayLeafSpot1324.jpg,0.1105,0.0078,0.0051,False,False,False,False
gray_leaf_blight,GrayLeafSpot1325.jpg,0.0963,0.0057,0.0049,False,False,False,False
gray_leaf_blight,GrayLeafSpot1326.jpg,0.1039,0.0068,0.0060,False,False,False,False
gray_leaf_blight,GrayLeafSpot1327.jpg,0.1075,0.0071,0.0059,False,False,False,False
gray_leaf_blight,GrayLeafSpot1328.jpg,0.0962,0.0069,0.0064,False,False,False,False
gray_leaf_blight,GrayLeafSpot1329.jpg,0.0912,0.0066,0.0061,False,False,False,False
gray_leaf_blight,GrayLeafSpot1330.jpg,0.0942,0.0059,0.0058,False,False,False,False
gray_leaf_blight,GrayLeafSpot1331.jpg,0.1122,0.0070,0.0063,False,False,False,False
gray_leaf_blight,GrayLeafSpot1332.jpg,0.1049,0.0075,0.0044,False,False,False,False
gray_leaf_blight,GrayLeafSpot1333.jpg,0.1121,0.0061,0.0028,False,False,False,False
gray_leaf_blight,GrayLeafSpot1334.jpg,0.1120,0.0046,0.0031,False,False,False,False
gray_leaf_blight,GrayLeafSpot1335.jpg,0.1046,0.0044,0.0030,False,False,False,False
gray_leaf_blight,GrayLeafSpot1336.jpg,0.1046,0.0047,0.0061,False,False,False,False
gray_leaf_blight,GrayLeafSpot1337.jpg,0.0963,0.0048,0.0063,False,False,False,False
gray_leaf_blight,GrayLeafSpot1338.jpg,0.0951,0.0059,0.0061,False,False,False,False
gray_leaf_blight,GrayLeafSpot1339.jpg,0.1052,0.0056,0.0052,False,False,False,False
gray_leaf_blight,GrayLeafSpot134.jpg,0.0967,0.0188,0.0375,False,False,True,True
gray_leaf_blight,GrayLeafSpot1340.jpg,0.1186,0.0067,0.0067,False,False,False,False
gray_leaf_blight,GrayLeafSpot1341.jpg,0.1298,0.0071,0.0086,False,False,False,False
gray_leaf_blight,GrayLeafSpot1342.jpg,0.1327,0.0080,0.0074,False,False,False,False
gray_leaf_blight,GrayLeafSpot1343.jpg,0.0872,0.0619,0.0253,False,True,False,True
gray_leaf_blight,GrayLeafSpot1344.jpg,0.0812,0.0453,0.0227,False,True,False,True
gray_leaf_blight,GrayLeafSpot1346.jpg,0.0897,0.0613,0.0227,False,True,False,True
gray_leaf_blight,GrayLeafSpot1352.jpg,0.0986,0.0720,0.0188,False,True,False,True
gray_leaf_blight,GrayLeafSpot1353.jpg,0.0982,0.0599,0.0160,False,True,False,True
gray_leaf_blight,GrayLeafSpot1354.jpg,0.0950,0.0549,0.0145,False,True,False,True
gray_leaf_blight,GrayLeafSpot1355.jpg,0.0997,0.0672,0.0119,False,True,False,True
gray_leaf_blight,GrayLeafSpot1357.jpg,0.0939,0.0901,0.0077,False,True,False,True
gray_leaf_blight,GrayLeafSpot1359.jpg,0.0945,0.1324,0.0023,False,True,False,True
gray_leaf_blight,GrayLeafSpot1360.jpg,0.0885,0.1721,0.0020,False,True,False,True
gray_leaf_blight,GrayLeafSpot1361.jpg,0.0769,0.2036,0.0037,False,True,False,True
gray_leaf_blight,GrayLeafSpot1362.jpg,0.0763,0.2392,0.0029,False,True,False,True
gray_leaf_blight,GrayLeafSpot1363.jpg,0.0653,0.2244,0.0035,False,True,False,True
gray_leaf_blight,GrayLeafSpot1364.jpg,0.0742,0.2559,0.0032,False,True,False,True
gray_leaf_blight,GrayLeafSpot1365.jpg,0.0701,0.2551,0.0020,False,True,False,True
gray_leaf_blight,GrayLeafSpot1366.jpg,0.0617,0.1680,0.0001,False,True,False,True
gray_leaf_blight,GrayLeafSpot1367.jpg,0.0596,0.1898,0.0002,False,True,False,True
gray_leaf_blight,GrayLeafSpot1368.jpg,0.0661,0.1727,0.0012,False,True,False,True
gray_leaf_blight,GrayLeafSpot1369.jpg,0.0896,0.1717,0.0002,False,True,False,True
gray_leaf_blight,GrayLeafSpot137.jpg,0.0679,0.0153,0.0372,False,False,True,True
gray_leaf_blight,GrayLeafSpot1370.jpg,0.1807,0.1834,0.0025,False,True,False,True
gray_leaf_blight,GrayLeafSpot1371.jpg,0.1804,0.2202,0.0233,False,True,False,True
gray_leaf_blight,GrayLeafSpot1372.jpg,0.1773,0.1672,0.0440,False,True,True,True
gray_leaf_blight,GrayLeafSpot1373.jpg,0.0850,0.0727,0.0244,False,True,False,True
gray_leaf_blight,GrayLeafSpot1377.jpg,0.0856,0.0595,0.0180,False,True,False,True
gray_leaf_blight,GrayLeafSpot1378.jpg,0.0925,0.0917,0.0178,False,True,False,True
gray_leaf_blight,GrayLeafSpot1379.jpg,0.0955,0.0857,0.0185,False,True,False,True
gray_leaf_blight,GrayLeafSpot138.jpg,0.0739,0.0130,0.0393,False,False,True,True
gray_leaf_blight,GrayLeafSpot1380.jpg,0.0934,0.0682,0.0151,False,True,False,True
gray_leaf_blight,GrayLeafSpot1381.jpg,0.0998,0.0725,0.0115,False,True,False,True
gray_leaf_blight,GrayLeafSpot1382.jpg,0.1163,0.0886,0.0120,False,True,False,True
gray_leaf_blight,GrayLeafSpot1383.jpg,0.1416,0.1206,0.0131,False,True,False,True
gray_leaf_blight,GrayLeafSpot1384.jpg,0.1576,0.1132,0.0142,False,True,False,True
gray_leaf_blight,GrayLeafSpot1385.jpg,0.1807,0.1224,0.0107,False,True,False,True
gray_leaf_blight,GrayLeafSpot1386.jpg,0.2168,0.1330,0.0042,False,True,False,True
gray_leaf_blight,GrayLeafSpot1387.jpg,0.2073,0.1309,0.0042,False,True,False,True
gray_leaf_blight,GrayLeafSpot1388.jpg,0.2005,0.1188,0.0049,False,True,False,True
gray_leaf_blight,GrayLeafSpot1389.jpg,0.2075,0.0989,0.0039,False,True,False,True
gray_leaf_blight,GrayLeafSpot139.jpg,0.0519,0.0102,0.0317,False,False,True,True
gray_leaf_blight,GrayLeafSpot1391.jpg,0.1063,0.0144,0.0045,False,False,False,False
gray_leaf_blight,GrayLeafSpot1394.jpg,0.0991,0.0155,0.0060,False,False,False,False
gray_leaf_blight,GrayLeafSpot1396.jpg,0.0964,0.0154,0.0052,False,False,False,False
gray_leaf_blight,GrayLeafSpot1397.jpg,0.0991,0.0137,0.0062,False,False,False,False
gray_leaf_blight,GrayLeafSpot1398.jpg,0.1010,0.0143,0.0061,False,False,False,False
gray_leaf_blight,GrayLeafSpot1399.jpg,0.0989,0.0136,0.0071,False,False,False,False
gray_leaf_blight,GrayLeafSpot1400.jpg,0.1007,0.0156,0.0074,False,False,False,False
gray_leaf_blight,GrayLeafSpot1401.jpg,0.1134,0.0165,0.0053,False,False,False,False
gray_leaf_blight,GrayLeafSpot1402.jpg,0.1116,0.0169,0.0049,False,False,False,False
gray_leaf_blight,GrayLeafSpot1403.jpg,0.1111,0.0148,0.0054,False,False,False,False
gray_leaf_blight,GrayLeafSpot1404.jpg,0.1072,0.0177,0.0060,False,False,False,False
gray_leaf_blight,GrayLeafSpot1405.jpg,0.1067,0.1112,0.0720,False,True,True,True
gray_leaf_blight,GrayLeafSpot1406.jpg,0.0958,0.1162,0.0723,False,True,True,True
gray_leaf_blight,GrayLeafSpot1407.jpg,0.1019,0.1174,0.0689,False,True,True,True
gray_leaf_blight,GrayLeafSpot1408.jpg,0.1023,0.1226,0.0688,False,True,True,True
gray_leaf_blight,GrayLeafSpot1409.jpg,0.1135,0.1000,0.0417,False,True,True,True
gray_leaf_blight,GrayLeafSpot1410.jpg,0.1104,0.0923,0.0373,False,True,True,True
gray_leaf_blight,GrayLeafSpot1411.jpg,0.0951,0.0970,0.0411,False,True,True,True
gray_leaf_blight,GrayLeafSpot1412.jpg,0.1313,0.1479,0.0346,False,True,True,True
gray_leaf_blight,GrayLeafSpot1413.jpg,0.1380,0.1617,0.0220,False,True,False,True
gray_leaf_blight,GrayLeafSpot1414.jpg,0.1183,0.1291,0.0561,False,True,True,True
gray_leaf_blight,GrayLeafSpot1415.jpg,0.1129,0.1224,0.0596,False,True,True,True
gray_leaf_blight,GrayLeafSpot1416.jpg,0.1058,0.1086,0.0633,False,True,True,True
gray_leaf_blight,GrayLeafSpot1417.jpg,0.1190,0.1105,0.0562,False,True,True,True
gray_leaf_blight,GrayLeafSpot1418.jpg,0.1143,0.0950,0.0605,False,True,True,True
gray_leaf_blight,GrayLeafSpot1419.jpg,0.1267,0.1103,0.0485,False,True,True,True
gray_leaf_blight,GrayLeafSpot142.jpg,0.0524,0.0218,0.0676,False,True,True,True
gray_leaf_blight,GrayLeafSpot1420.jpg,0.1419,0.1008,0.0438,False,True,True,True
gray_leaf_blight,GrayLeafSpot1421.jpg,0.1405,0.1097,0.0454,False,True,True,True
gray_leaf_blight,GrayLeafSpot1422.jpg,0.1209,0.1002,0.0562,False,True,True,True
gray_leaf_blight,GrayLeafSpot1423.jpg,0.1212,0.1199,0.0496,False,True,True,True
gray_leaf_blight,GrayLeafSpot1424.jpg,0.1297,0.1226,0.0602,False,True,True,True
gray_leaf_blight,GrayLeafSpot1425.jpg,0.1478,0.1066,0.0442,False,True,True,True
gray_leaf_blight,GrayLeafSpot1426.jpg,0.1451,0.1034,0.0542,False,True,True,True
gray_leaf_blight,GrayLeafSpot1427.jpg,0.1498,0.1018,0.0506,False,True,True,True
gray_leaf_blight,GrayLeafSpot1428.jpg,0.1700,0.1003,0.0465,False,True,True,True
gray_leaf_blight,GrayLeafSpot1429.jpg,0.1761,0.0887,0.0509,False,True,True,True
gray_leaf_blight,GrayLeafSpot1430.jpg,0.1170,0.1595,0.0790,False,True,True,True
gray_leaf_blight,GrayLeafSpot1434.jpg,0.1111,0.1676,0.0750,False,True,True,True
gray_leaf_blight,GrayLeafSpot1436.jpg,0.1157,0.1836,0.0814,False,True,True,True
gray_leaf_blight,GrayLeafSpot1441.jpg,0.1083,0.2004,0.0738,False,True,True,True
gray_leaf_blight,GrayLeafSpot1442.jpg,0.1162,0.2073,0.0790,False,True,True,True
gray_leaf_blight,GrayLeafSpot1443.jpg,0.1307,0.2502,0.0877,False,True,True,True
gray_leaf_blight,GrayLeafSpot1444.jpg,0.1285,0.2345,0.0847,False,True,True,True
gray_leaf_blight,GrayLeafSpot1445.jpg,0.1410,0.2280,0.0815,False,True,True,True
gray_leaf_blight,GrayLeafSpot1446.jpg,0.1478,0.2248,0.0788,False,True,True,True
gray_leaf_blight,GrayLeafSpot1447.jpg,0.1519,0.2008,0.0713,False,True,True,True
gray_leaf_blight,GrayLeafSpot1448.jpg,0.1506,0.1942,0.0676,False,True,True,True
gray_leaf_blight,GrayLeafSpot1452.jpg,0.1660,0.1365,0.0582,False,True,True,True
gray_leaf_blight,GrayLeafSpot1453.jpg,0.1656,0.1280,0.0565,False,True,True,True
gray_leaf_blight,GrayLeafSpot1454.jpg,0.1639,0.1126,0.0559,False,True,True,True
gray_leaf_blight,GrayLeafSpot1456.jpg,0.1563,0.1095,0.0572,False,True,True,True
gray_leaf_blight,GrayLeafSpot1457.jpg,0.1617,0.1339,0.0637,False,True,True,True
gray_leaf_blight,GrayLeafSpot1458.jpg,0.1647,0.1061,0.0600,False,True,True,True
gray_leaf_blight,GrayLeafSpot1459.jpg,0.1601,0.1187,0.0714,False,True,True,True
gray_leaf_blight,GrayLeafSpot146.jpg,0.0564,0.0045,0.0156,False,False,False,False
gray_leaf_blight,GrayLeafSpot1460.jpg,0.1094,0.0429,0.0054,False,True,False,True
gray_leaf_blight,GrayLeafSpot1461.jpg,0.1078,0.0447,0.0062,False,True,False,True
gray_leaf_blight,GrayLeafSpot1465.jpg,0.1088,0.0413,0.0055,False,True,False,True
gray_leaf_blight,GrayLeafSpot1468.jpg,0.1062,0.0400,0.0060,False,True,False,True
gray_leaf_blight,GrayLeafSpot1469.jpg,0.1151,0.0423,0.0057,False,True,False,True
gray_leaf_blight,GrayLeafSpot147.jpg,0.0381,0.0063,0.0094,False,False,False,False
gray_leaf_blight,GrayLeafSpot1470.jpg,0.1073,0.0386,0.0060,False,True,False,True
gray_leaf_blight,GrayLeafSpot1471.jpg,0.1119,0.0409,0.0056,False,True,False,True
gray_leaf_blight,GrayLeafSpot1472.jpg,0.1127,0.0363,0.0044,False,True,False,True
gray_leaf_blight,GrayLeafSpot1473.jpg,0.1184,0.0319,0.0037,False,True,False,True
gray_leaf_blight,GrayLeafSpot1474.jpg,0.1068,0.0317,0.0038,False,True,False,True
gray_leaf_blight,GrayLeafSpot1475.jpg,0.1088,0.0281,0.0042,False,True,False,True
gray_leaf_blight,GrayLeafSpot1477.jpg,0.1176,0.0230,0.0032,False,True,False,True
gray_leaf_blight,GrayLeafSpot1478.jpg,0.1269,0.0260,0.0026,False,True,False,True
gray_leaf_blight,GrayLeafSpot1479.jpg,0.1434,0.0214,0.0021,False,True,False,True
gray_leaf_blight,GrayLeafSpot1480.jpg,0.1428,0.0224,0.0034,False,True,False,True
gray_leaf_blight,GrayLeafSpot1481.jpg,0.1346,0.0246,0.0029,False,True,False,True
gray_leaf_blight,GrayLeafSpot1482.jpg,0.1337,0.0270,0.0018,False,True,False,True
gray_leaf_blight,GrayLeafSpot1483.jpg,0.1306,0.0397,0.0029,False,True,False,True
gray_leaf_blight,GrayLeafSpot1484.jpg,0.1294,0.0442,0.0032,False,True,False,True
gray_leaf_blight,GrayLeafSpot1485.jpg,0.1171,0.0387,0.0034,False,True,False,True
gray_leaf_blight,GrayLeafSpot1486.jpg,0.1161,0.0409,0.0034,False,True,False,True
gray_leaf_blight,GrayLeafSpot1487.jpg,0.1073,0.0402,0.0043,False,True,False,True
gray_leaf_blight,GrayLeafSpot1488.jpg,0.1011,0.0358,0.0037,False,True,False,True
gray_leaf_blight,GrayLeafSpot1489.jpg,0.0990,0.0331,0.0033,False,True,False,True
gray_leaf_blight,GrayLeafSpot1490.jpg,0.1041,0.0382,0.0050,False,True,False,True
gray_leaf_blight,GrayLeafSpot1491.jpg,0.1007,0.0356,0.0051,False,True,False,True
gray_leaf_blight,GrayLeafSpot1493.jpg,0.0990,0.0343,0.0061,False,True,False,True
gray_leaf_blight,GrayLeafSpot1494.jpg,0.1000,0.0366,0.0066,False,True,False,True
gray_leaf_blight,GrayLeafSpot1498.jpg,0.0962,0.0329,0.0065,False,True,False,True
gray_leaf_blight,GrayLeafSpot1501.jpg,0.0996,0.0334,0.0054,False,True,False,True
gray_leaf_blight,GrayLeafSpot1502.jpg,0.1065,0.0350,0.0044,False,True,False,True
gray_leaf_blight,GrayLeafSpot1503.jpg,0.1062,0.0341,0.0040,False,True,False,True
gray_leaf_blight,GrayLeafSpot1504.jpg,0.1071,0.0315,0.0039,False,True,False,True
gray_leaf_blight,GrayLeafSpot1505.jpg,0.1088,0.0311,0.0038,False,True,False,True
gray_leaf_blight,GrayLeafSpot1506.jpg,0.1088,0.0285,0.0046,False,True,False,True
gray_leaf_blight,GrayLeafSpot1507.jpg,0.1211,0.0260,0.0040,False,True,False,True
gray_leaf_blight,GrayLeafSpot1508.jpg,0.1199,0.0280,0.0038,False,True,False,True
gray_leaf_blight,GrayLeafSpot1509.jpg,0.1283,0.0245,0.0036,False,True,False,True
gray_leaf_blight,GrayLeafSpot1510.jpg,0.1215,0.0258,0.0039,False,True,False,True
gray_leaf_blight,GrayLeafSpot1511.jpg,0.1297,0.0289,0.0033,False,True,False,True
gray_leaf_blight,GrayLeafSpot1512.jpg,0.1356,0.0349,0.0032,False,True,False,True
gray_leaf_blight,GrayLeafSpot1513.jpg,0.1327,0.0365,0.0039,False,True,False,True
gray_leaf_blight,GrayLeafSpot1514.jpg,0.1469,0.0410,0.0033,False,True,False,True
gray_leaf_blight,GrayLeafSpot1515.jpg,0.1348,0.0332,0.0024,False,True,False,True
gray_leaf_blight,GrayLeafSpot1519.jpg,0.0915,0.0209,0.0031,False,True,False,True
gray_leaf_blight,GrayLeafSpot1522.jpg,0.1600,0.0655,0.0242,False,True,False,True
gray_leaf_blight,GrayLeafSpot1524.jpg,0.1747,0.0673,0.0264,False,True,True,True
gray_leaf_blight,GrayLeafSpot1526.jpg,0.1448,0.0586,0.0327,False,True,True,True
gray_leaf_blight,GrayLeafSpot1528.jpg,0.1415,0.0655,0.0395,False,True,True,True
gray_leaf_blight,GrayLeafSpot1529.jpg,0.1228,0.0516,0.0342,False,True,True,True
gray_leaf_blight,GrayLeafSpot153.jpg,0.1164,0.1257,0.0140,False,True,False,True
gray_leaf_blight,GrayLeafSpot1531.jpg,0.1223,0.0365,0.0245,False,True,False,True
gray_leaf_blight,GrayLeafSpot1533.jpg,0.1145,0.0302,0.0154,False,True,False,True
gray_leaf_blight,GrayLeafSpot1534.jpg,0.1099,0.0260,0.0114,False,True,False,True
gray_leaf_blight,GrayLeafSpot1535.jpg,0.1089,0.0230,0.0113,False,True,False,True
gray_leaf_blight,GrayLeafSpot1536.jpg,0.0363,0.1093,0.0433,False,True,True,True
gray_leaf_blight,GrayLeafSpot1537.jpg,0.0369,0.1144,0.0419,False,True,True,True
gray_leaf_blight,GrayLeafSpot1540.jpg,0.0387,0.0702,0.0183,False,True,False,True
gray_leaf_blight,GrayLeafSpot1541.jpg,0.0364,0.0834,0.0129,False,True,False,True
gray_leaf_blight,GrayLeafSpot1542.jpg,0.0447,0.0597,0.0091,False,True,False,True
gray_leaf_blight,GrayLeafSpot1543.jpg,0.0503,0.0870,0.0356,False,True,True,True
gray_leaf_blight,GrayLeafSpot1544.jpg,0.0453,0.0820,0.0378,False,True,True,True
gray_leaf_blight,GrayLeafSpot1545.jpg,0.0537,0.1652,0.0588,False,True,True,True
gray_leaf_blight,GrayLeafSpot1547.jpg,0.0528,0.1742,0.0560,False,True,True,True
gray_leaf_blight,GrayLeafSpot1548.jpg,0.0502,0.1710,0.0534,False,True,True,True
gray_leaf_blight,GrayLeafSpot155.jpg,0.1536,0.0971,0.0057,False,True,False,True
gray_leaf_blight,GrayLeafSpot1551.jpg,0.0563,0.1619,0.0230,False,True,False,True
gray_leaf_blight,GrayLeafSpot1552.jpg,0.0573,0.1463,0.0376,False,True,True,True
gray_leaf_blight,GrayLeafSpot1555.jpg,0.0550,0.1477,0.0471,False,True,True,True
gray_leaf_blight,GrayLeafSpot1557.jpg,0.0545,0.1609,0.0580,False,True,True,True
gray_leaf_blight,GrayLeafSpot1558.jpg,0.1220,0.0796,0.0308,False,True,True,True
gray_leaf_blight,GrayLeafSpot156.jpg,0.1526,0.0985,0.0058,False,True,False,True
gray_leaf_blight,GrayLeafSpot1561.jpg,0.1504,0.1008,0.0273,False,True,True,True
gray_leaf_blight,GrayLeafSpot1562.jpg,0.1498,0.0755,0.0282,False,True,True,True
gray_leaf_blight,GrayLeafSpot1563.jpg,0.1360,0.0807,0.0252,False,True,False,True
gray_leaf_blight,GrayLeafSpot1565.jpg,0.1471,0.0719,0.0204,False,True,False,True
gray_leaf_blight,GrayLeafSpot1566.jpg,0.1376,0.0600,0.0201,False,True,False,True
gray_leaf_blight,GrayLeafSpot1567.jpg,0.1295,0.0484,0.0091,False,True,False,True
gray_leaf_blight,GrayLeafSpot1568.jpg,0.1236,0.0463,0.0107,False,True,False,True
gray_leaf_blight,GrayLeafSpot1569.jpg,0.1236,0.0477,0.0125,False,True,False,True
gray_leaf_blight,GrayLeafSpot157.jpg,0.1310,0.1242,0.0152,False,True,False,True
gray_leaf_blight,GrayLeafSpot1572.jpg,0.1073,0.0310,0.0047,False,True,False,True
gray_leaf_blight,GrayLeafSpot1573.jpg,0.1135,0.0442,0.0131,False,True,False,True
gray_leaf_blight,GrayLeafSpot1574.jpg,0.1162,0.0502,0.0143,False,True,False,True
gray_leaf_blight,GrayLeafSpot1575.jpg,0.1199,0.0512,0.0177,False,True,False,True
gray_leaf_blight,GrayLeafSpot1576.jpg,0.1308,0.0477,0.0221,False,True,False,True
gray_leaf_blight,GrayLeafSpot1577.jpg,0.1348,0.0756,0.0339,False,True,True,True
gray_leaf_blight,GrayLeafSpot1578.jpg,0.1373,0.0898,0.0365,False,True,True,True
gray_leaf_blight,GrayLeafSpot1579.jpg,0.1344,0.0935,0.0301,False,True,True,True
gray_leaf_blight,GrayLeafSpot158.jpg,0.1213,0.1360,0.0224,False,True,False,True
gray_leaf_blight,GrayLeafSpot1580.jpg,0.1307,0.0922,0.0270,False,True,True,True
gray_leaf_blight,GrayLeafSpot1581.jpg,0.1297,0.0894,0.0258,False,True,False,True
gray_leaf_blight,GrayLeafSpot1582.jpg,0.1283,0.0787,0.0140,False,True,False,True
gray_leaf_blight,GrayLeafSpot1583.jpg,0.1251,0.0791,0.0111,False,True,False,True
gray_leaf_blight,GrayLeafSpot1584.jpg,0.1319,0.0760,0.0068,False,True,False,True
gray_leaf_blight,GrayLeafSpot1585.jpg,0.1391,0.0414,0.0231,False,True,False,True
gray_leaf_blight,GrayLeafSpot1589.jpg,0.1357,0.0413,0.0245,False,True,False,True
gray_leaf_blight,GrayLeafSpot1590.jpg,0.1376,0.0402,0.0249,False,True,False,True
gray_leaf_blight,GrayLeafSpot1592.jpg,0.1474,0.0442,0.0206,False,True,False,True
gray_leaf_blight,GrayLeafSpot1593.jpg,0.1436,0.0389,0.0215,False,True,False,True
gray_leaf_blight,GrayLeafSpot1594.jpg,0.0328,0.0596,0.0341,False,True,True,True
gray_leaf_blight,GrayLeafSpot1595.jpg,0.0260,0.0449,0.0358,False,True,True,True
gray_leaf_blight,GrayLeafSpot1596.jpg,0.0274,0.0463,0.0390,False,True,True,True
gray_leaf_blight,GrayLeafSpot1597.jpg,0.0268,0.0366,0.0372,False,True,True,True
gray_leaf_blight,GrayLeafSpot1598.jpg,0.0265,0.0392,0.0336,False,True,True,True
gray_leaf_blight,GrayLeafSpot1599.jpg,0.0235,0.0392,0.0301,False,True,True,True
gray_leaf_blight,GrayLeafSpot160.jpg,0.1308,0.1431,0.0242,False,True,False,True
gray_leaf_blight,GrayLeafSpot1600.jpg,0.0236,0.0442,0.0320,False,True,True,True
gray_leaf_blight,GrayLeafSpot1602.jpg,0.0264,0.0504,0.0302,False,True,True,True
gray_leaf_blight,GrayLeafSpot1603.jpg,0.0200,0.0315,0.0286,False,True,True,True
gray_leaf_blight,GrayLeafSpot1604.jpg,0.0204,0.0257,0.0258,False,True,False,True
gray_leaf_blight,GrayLeafSpot1605.jpg,0.0290,0.0372,0.0270,False,True,True,True
gray_leaf_blight,GrayLeafSpot1606.jpg,0.0290,0.0260,0.0342,False,True,True,True
gray_leaf_blight,GrayLeafSpot1607.jpg,0.0307,0.0269,0.0386,False,True,True,True
gray_leaf_blight,GrayLeafSpot1608.jpg,0.0389,0.0329,0.0475,False,True,True,True
gray_leaf_blight,GrayLeafSpot1609.jpg,0.0483,0.0418,0.0533,False,True,True,True
gray_leaf_blight,GrayLeafSpot1610.jpg,0.0373,0.0253,0.0325,False,True,True,True
gray_leaf_blight,GrayLeafSpot1611.jpg,0.0152,0.1433,0.0248,False,True,False,True
gray_leaf_blight,GrayLeafSpot1613.jpg,0.0159,0.1678,0.0245,False,True,False,True
gray_leaf_blight,GrayLeafSpot1614.jpg,0.0154,0.1600,0.0215,False,True,False,True
gray_leaf_blight,GrayLeafSpot1615.jpg,0.0215,0.2338,0.0098,False,True,False,True
gray_leaf_blight,GrayLeafSpot1617.jpg,0.0279,0.1632,0.0024,False,True,False,True
gray_leaf_blight,GrayLeafSpot1618.jpg,0.0281,0.1881,0.0066,False,True,False,True
gray_leaf_blight,GrayLeafSpot1619.jpg,0.0268,0.1773,0.0137,False,True,False,True
gray_leaf_blight,GrayLeafSpot1620.jpg,0.0209,0.1383,0.0081,False,True,False,True
gray_leaf_blight,GrayLeafSpot1621.jpg,0.0185,0.1400,0.0045,False,True,False,True
gray_leaf_blight,GrayLeafSpot1622.jpg,0.0173,0.1342,0.0030,False,True,False,True
gray_leaf_blight,GrayLeafSpot1624.jpg,0.0174,0.1073,0.0028,False,True,False,True
gray_leaf_blight,GrayLeafSpot1627.jpg,0.0320,0.1078,0.0037,False,True,False,True
gray_leaf_blight,GrayLeafSpot1628.jpg,0.0184,0.0565,0.0100,False,True,False,True
gray_leaf_blight,GrayLeafSpot1629.jpg,0.0302,0.1242,0.0136,False,True,False,True
gray_leaf_blight,GrayLeafSpot1630.jpg,0.0339,0.1257,0.0081,False,True,False,True
gray_leaf_blight,GrayLeafSpot1631.jpg,0.0276,0.1690,0.0069,False,True,False,True
gray_leaf_blight,GrayLeafSpot1632.jpg,0.0277,0.1862,0.0125,False,True,False,True
gray_leaf_blight,GrayLeafSpot1633.jpg,0.0273,0.1507,0.0093,False,True,False,True
gray_leaf_blight,GrayLeafSpot1634.jpg,0.0395,0.1666,0.0027,False,True,False,True
gray_leaf_blight,GrayLeafSpot1635.jpg,0.0362,0.1400,0.0009,False,True,False,True
gray_leaf_blight,GrayLeafSpot1636.jpg,0.0204,0.1411,0.0123,False,True,False,True
gray_leaf_blight,GrayLeafSpot1638.jpg,0.0192,0.1284,0.0093,False,True,False,True
gray_leaf_blight,GrayLeafSpot1639.jpg,0.0157,0.1044,0.0130,False,True,False,True
gray_leaf_blight,GrayLeafSpot164.jpg,0.1398,0.1427,0.0225,False,True,False,True
gray_leaf_blight,GrayLeafSpot1640.jpg,0.0207,0.1153,0.0063,False,True,False,True
gray_leaf_blight,GrayLeafSpot1641.jpg,0.0275,0.1414,0.0055,False,True,False,True
gray_leaf_blight,GrayLeafSpot1642.jpg,0.0253,0.1412,0.0085,False,True,False,True
gray_leaf_blight,GrayLeafSpot1643.jpg,0.1156,0.0281,0.0122,False,True,False,True
gray_leaf_blight,GrayLeafSpot1646.jpg,0.0980,0.0240,0.0057,False,True,False,True
gray_leaf_blight,GrayLeafSpot1647.jpg,0.0887,0.0227,0.0047,False,True,False,True
gray_leaf_blight,GrayLeafSpot165.jpg,0.1499,0.1382,0.0200,False,True,False,True
gray_leaf_blight,GrayLeafSpot1650.jpg,0.0782,0.0187,0.0013,False,False,False,False
gray_leaf_blight,GrayLeafSpot1651.jpg,0.0745,0.0171,0.0021,False,False,False,False
gray_leaf_blight,GrayLeafSpot1652.jpg,0.0705,0.0167,0.0028,False,False,False,False
gray_leaf_blight,GrayLeafSpot1654.jpg,0.0766,0.0225,0.0050,False,True,False,True
gray_leaf_blight,GrayLeafSpot1655.jpg,0.0882,0.0266,0.0087,False,True,False,True
gray_leaf_blight,GrayLeafSpot1656.jpg,0.1067,0.0332,0.0079,False,True,False,True
gray_leaf_blight,GrayLeafSpot1657.jpg,0.1159,0.0360,0.0086,False,True,False,True
gray_leaf_blight,GrayLeafSpot1658.jpg,0.1105,0.0303,0.0067,False,True,False,True
gray_leaf_blight,GrayLeafSpot166.jpg,0.1337,0.1498,0.0252,False,True,False,True
gray_leaf_blight,GrayLeafSpot1660.jpg,0.1106,0.0331,0.0063,False,True,False,True
gray_leaf_blight,GrayLeafSpot1661.jpg,0.1102,0.0255,0.0084,False,True,False,True
gray_leaf_blight,GrayLeafSpot1663.jpg,0.1117,0.0341,0.0204,False,True,False,True
gray_leaf_blight,GrayLeafSpot1667.jpg,0.1901,0.0580,0.0166,False,True,False,True
gray_leaf_blight,GrayLeafSpot1668.jpg,0.1800,0.0554,0.0173,False,True,False,True
gray_leaf_blight,GrayLeafSpot167.jpg,0.1283,0.1517,0.0402,False,True,True,True
gray_leaf_blight,GrayLeafSpot1670.jpg,0.1964,0.0481,0.0125,False,True,False,True
gray_leaf_blight,GrayLeafSpot1671.jpg,0.1658,0.0430,0.0143,False,True,False,True
gray_leaf_blight,GrayLeafSpot1672.jpg,0.1523,0.0465,0.0176,False,True,False,True
gray_leaf_blight,GrayLeafSpot1673.jpg,0.1534,0.0467,0.0175,False,True,False,True
gray_leaf_blight,GrayLeafSpot1677.jpg,0.1714,0.0670,0.0112,False,True,False,True
gray_leaf_blight,GrayLeafSpot1678.jpg,0.1768,0.0803,0.0125,False,True,False,True
gray_leaf_blight,GrayLeafSpot1679.jpg,0.1841,0.0998,0.0139,False,True,False,True
gray_leaf_blight,GrayLeafSpot168.jpg,0.1215,0.1768,0.0611,False,True,True,True
gray_leaf_blight,GrayLeafSpot1680.jpg,0.1634,0.0830,0.0201,False,True,False,True
gray_leaf_blight,GrayLeafSpot1681.jpg,0.1201,0.0691,0.0196,False,True,False,True
gray_leaf_blight,GrayLeafSpot1682.jpg,0.1052,0.0687,0.0205,False,True,False,True
gray_leaf_blight,GrayLeafSpot1683.jpg,0.1088,0.0723,0.0274,False,True,True,True
gray_leaf_blight,GrayLeafSpot1684.jpg,0.1270,0.0814,0.0268,False,True,True,True
gray_leaf_blight,GrayLeafSpot1685.jpg,0.1415,0.0866,0.0294,False,True,True,True
gray_leaf_blight,GrayLeafSpot1686.jpg,0.1503,0.0866,0.0295,False,True,True,True
gray_leaf_blight,GrayLeafSpot1687.jpg,0.1591,0.0845,0.0314,False,True,True,True
gray_leaf_blight,GrayLeafSpot1688.jpg,0.1570,0.0828,0.0319,False,True,True,True
gray_leaf_blight,GrayLeafSpot1689.jpg,0.1550,0.0787,0.0270,False,True,True,True
gray_leaf_blight,GrayLeafSpot169.jpg,0.1248,0.1889,0.0757,False,True,True,True
gray_leaf_blight,GrayLeafSpot1692.jpg,0.1235,0.0661,0.0147,False,True,False,True
gray_leaf_blight,GrayLeafSpot1695.jpg,0.1522,0.0721,0.0151,False,True,False,True
gray_leaf_blight,GrayLeafSpot1696.jpg,0.1460,0.0604,0.0203,False,True,False,True
gray_leaf_blight,GrayLeafSpot1697.jpg,0.2556,0.1068,0.0027,True,True,False,True
gray_leaf_blight,GrayLeafSpot1698.jpg,0.2646,0.1041,0.0029,True,True,False,True
gray_leaf_blight,GrayLeafSpot1699.jpg,0.2547,0.0951,0.0025,True,True,False,True
gray_leaf_blight,GrayLeafSpot170.jpg,0.1194,0.2082,0.0936,False,True,True,True
gray_leaf_blight,GrayLeafSpot1700.jpg,0.2451,0.0947,0.0022,False,True,False,True
gray_leaf_blight,GrayLeafSpot1702.jpg,0.2532,0.0957,0.0028,True,True,False,True
gray_leaf_blight,GrayLeafSpot1705.jpg,0.2055,0.2327,0.0052,False,True,False,True
gray_leaf_blight,GrayLeafSpot1706.jpg,0.2137,0.2604,0.0059,False,True,False,True
gray_leaf_blight,GrayLeafSpot1708.jpg,0.1837,0.2549,0.0054,False,True,False,True
gray_leaf_blight,GrayLeafSpot171.jpg,0.1157,0.1998,0.1071,False,True,True,True
gray_leaf_blight,GrayLeafSpot1710.jpg,0.2651,0.1460,0.0069,True,True,False,True
gray_leaf_blight,GrayLeafSpot1711.jpg,0.2287,0.1209,0.0059,False,True,False,True
gray_leaf_blight,GrayLeafSpot1713.jpg,0.2063,0.1169,0.0068,False,True,False,True
gray_leaf_blight,GrayLeafSpot1715.jpg,0.2534,0.1380,0.0064,True,True,False,True
gray_leaf_blight,GrayLeafSpot1717.jpg,0.1731,0.1050,0.0039,False,True,False,True
gray_leaf_blight,GrayLeafSpot1718.jpg,0.2100,0.1224,0.0027,False,True,False,True
gray_leaf_blight,GrayLeafSpot172.jpg,0.1184,0.2000,0.1287,False,True,True,True
gray_leaf_blight,GrayLeafSpot1720.jpg,0.2366,0.1135,0.0022,False,True,False,True
gray_leaf_blight,GrayLeafSpot1721.jpg,0.2508,0.1146,0.0021,False,True,False,True
gray_leaf_blight,GrayLeafSpot1726.jpg,0.2845,0.0833,0.0006,True,True,False,True
gray_leaf_blight,GrayLeafSpot173.jpg,0.1232,0.1973,0.1192,False,True,True,True
gray_leaf_blight,GrayLeafSpot1733.jpg,0.2021,0.1446,0.0033,False,True,False,True
gray_leaf_blight,GrayLeafSpot1734.jpg,0.2030,0.1555,0.0026,False,True,False,True
gray_leaf_blight,GrayLeafSpot1736.jpg,0.1855,0.1451,0.0033,False,True,False,True
gray_leaf_blight,GrayLeafSpot1737.jpg,0.1787,0.1305,0.0029,False,True,False,True
gray_leaf_blight,GrayLeafSpot174.jpg,0.1336,0.2272,0.0906,False,True,True,True
gray_leaf_blight,GrayLeafSpot1740.jpg,0.2137,0.1841,0.0034,False,True,False,True
gray_leaf_blight,GrayLeafSpot1741.jpg,0.2527,0.1110,0.0037,True,True,False,True
gray_leaf_blight,GrayLeafSpot1742.jpg,0.2634,0.1228,0.0032,True,True,False,True
gray_leaf_blight,GrayLeafSpot1744.jpg,0.2493,0.1344,0.0030,False,True,False,True
gray_leaf_blight,GrayLeafSpot1745.jpg,0.2632,0.1309,0.0028,True,True,False,True
gray_leaf_blight,GrayLeafSpot1746.jpg,0.2853,0.1451,0.0025,True,True,False,True
gray_leaf_blight,GrayLeafSpot1748.jpg,0.1852,0.0586,0.0343,False,True,True,True
gray_leaf_blight,GrayLeafSpot1749.jpg,0.1738,0.0541,0.0357,False,True,True,True
gray_leaf_blight,GrayLeafSpot175.jpg,0.1356,0.2371,0.0592,False,True,True,True
gray_leaf_blight,GrayLeafSpot1751.jpg,0.1757,0.0531,0.0331,False,True,True,True
gray_leaf_blight,GrayLeafSpot1752.jpg,0.1681,0.0474,0.0284,False,True,True,True
gray_leaf_blight,GrayLeafSpot1753.jpg,0.1712,0.0428,0.0289,False,True,True,True
gray_leaf_blight,GrayLeafSpot1755.jpg,0.1537,0.0490,0.0506,False,True,True,True
gray_leaf_blight,GrayLeafSpot1756.jpg,0.1433,0.0529,0.0732,False,True,True,True
gray_leaf_blight,GrayLeafSpot1757.jpg,0.1327,0.0568,0.0929,False,True,True,True
gray_leaf_blight,GrayLeafSpot1758.jpg,0.1135,0.0578,0.0823,False,True,True,True
gray_leaf_blight,GrayLeafSpot1759.jpg,0.1134,0.0525,0.0637,False,True,True,True
gray_leaf_blight,GrayLeafSpot176.jpg,0.1476,0.2538,0.0362,False,True,True,True
gray_leaf_blight,GrayLeafSpot1760.jpg,0.1235,0.0635,0.0535,False,True,True,True
gray_leaf_blight,GrayLeafSpot1761.jpg,0.1480,0.0758,0.0435,False,True,True,True
gray_leaf_blight,GrayLeafSpot1762.jpg,0.1749,0.0787,0.0354,False,True,True,True
gray_leaf_blight,GrayLeafSpot1763.jpg,0.1933,0.0793,0.0333,False,True,True,True
gray_leaf_blight,GrayLeafSpot1764.jpg,0.1929,0.0729,0.0347,False,True,True,True
gray_leaf_blight,GrayLeafSpot1765.jpg,0.1915,0.0679,0.0347,False,True,True,True
gray_leaf_blight,GrayLeafSpot1766.jpg,0.1886,0.0615,0.0421,False,True,True,True
gray_leaf_blight,GrayLeafSpot1767.jpg,0.1847,0.0578,0.0453,False,True,True,True
gray_leaf_blight,GrayLeafSpot1768.jpg,0.1991,0.0847,0.0439,False,True,True,True
gray_leaf_blight,GrayLeafSpot1769.jpg,0.1938,0.1087,0.0473,False,True,True,True
gray_leaf_blight,GrayLeafSpot177.jpg,0.1784,0.2759,0.0185,False,True,False,True
gray_leaf_blight,GrayLeafSpot1770.jpg,0.1883,0.1422,0.0559,False,True,True,True
gray_leaf_blight,GrayLeafSpot1771.jpg,0.1565,0.1256,0.0514,False,True,True,True
gray_leaf_blight,GrayLeafSpot1772.jpg,0.1633,0.1197,0.0417,False,True,True,True
gray_leaf_blight,GrayLeafSpot1773.jpg,0.1657,0.0993,0.0481,False,True,True,True
gray_leaf_blight,GrayLeafSpot1774.jpg,0.1582,0.0956,0.0394,False,True,True,True
gray_leaf_blight,GrayLeafSpot1775.jpg,0.1859,0.1016,0.0347,False,True,True,True
gray_leaf_blight,GrayLeafSpot1776.jpg,0.2048,0.1022,0.0528,False,True,True,True
gray_leaf_blight,GrayLeafSpot1777.jpg,0.1871,0.0955,0.0582,False,True,True,True
gray_leaf_blight,GrayLeafSpot1778.jpg,0.1504,0.1066,0.0253,False,True,False,True
gray_leaf_blight,GrayLeafSpot1779.jpg,0.1520,0.1185,0.0289,False,True,True,True
gray_leaf_blight,GrayLeafSpot178.jpg,0.1837,0.2261,0.0095,False,True,False,True
gray_leaf_blight,GrayLeafSpot1780.jpg,0.1520,0.1114,0.0196,False,True,False,True
gray_leaf_blight,GrayLeafSpot1781.jpg,0.1442,0.0808,0.0135,False,True,False,True
gray_leaf_blight,GrayLeafSpot1782.jpg,0.1431,0.0894,0.0127,False,True,False,True
gray_leaf_blight,GrayLeafSpot1783.jpg,0.1369,0.0748,0.0139,False,True,False,True
gray_leaf_blight,GrayLeafSpot1784.jpg,0.1523,0.0947,0.0240,False,True,False,True
gray_leaf_blight,GrayLeafSpot1785.jpg,0.1881,0.1554,0.0532,False,True,True,True
gray_leaf_blight,GrayLeafSpot1786.jpg,0.1688,0.1839,0.0630,False,True,True,True
gray_leaf_blight,GrayLeafSpot1787.jpg,0.1622,0.1792,0.0623,False,True,True,True
gray_leaf_blight,GrayLeafSpot1788.jpg,0.1121,0.0363,0.0033,False,True,False,True
gray_leaf_blight,GrayLeafSpot179.jpg,0.1893,0.2087,0.0072,False,True,False,True
gray_leaf_blight,GrayLeafSpot1794.jpg,0.1109,0.0416,0.0032,False,True,False,True
gray_leaf_blight,GrayLeafSpot1795.jpg,0.1146,0.0405,0.0029,False,True,False,True
gray_leaf_blight,GrayLeafSpot1796.jpg,0.1174,0.0486,0.0021,False,True,False,True
gray_leaf_blight,GrayLeafSpot1797.jpg,0.1220,0.0437,0.0016,False,True,False,True
gray_leaf_blight,GrayLeafSpot1799.jpg,0.1131,0.0318,0.0014,False,True,False,True
gray_leaf_blight,GrayLeafSpot180.jpg,0.1663,0.1880,0.0038,False,True,False,True
gray_leaf_blight,GrayLeafSpot1800.jpg,0.1204,0.0393,0.0033,False,True,False,True
gray_leaf_blight,GrayLeafSpot1808.jpg,0.1910,0.0691,0.0033,False,True,False,True
gray_leaf_blight,GrayLeafSpot1809.jpg,0.1981,0.0766,0.0038,False,True,False,True
gray_leaf_blight,GrayLeafSpot181.jpg,0.1495,0.1651,0.0054,False,True,False,True
gray_leaf_blight,GrayLeafSpot1810.jpg,0.2017,0.0859,0.0045,False,True,False,True
gray_leaf_blight,GrayLeafSpot1813.jpg,0.0939,0.0441,0.0070,False,True,False,True
gray_leaf_blight,GrayLeafSpot1814.jpg,0.0904,0.0406,0.0059,False,True,False,True
gray_leaf_blight,GrayLeafSpot182.jpg,0.1424,0.1553,0.0051,False,True,False,True
gray_leaf_blight,GrayLeafSpot1822.jpg,0.0681,0.1453,0.0747,False,True,True,True
gray_leaf_blight,GrayLeafSpot1824.jpg,0.0671,0.1485,0.0668,False,True,True,True
gray_leaf_blight,GrayLeafSpot1825.jpg,0.0728,0.1548,0.0677,False,True,True,True
gray_leaf_blight,GrayLeafSpot1826.jpg,0.0761,0.1775,0.0598,False,True,True,True
gray_leaf_blight,GrayLeafSpot1827.jpg,0.0799,0.2229,0.0626,False,True,True,True
gray_leaf_blight,GrayLeafSpot1828.jpg,0.0822,0.2233,0.0704,False,True,True,True
gray_leaf_blight,GrayLeafSpot183.jpg,0.2636,0.1754,0.0079,True,True,False,True
gray_leaf_blight,GrayLeafSpot1831.jpg,0.1013,0.2445,0.0606,False,True,True,True
gray_leaf_blight,GrayLeafSpot1832.jpg,0.1088,0.2459,0.0586,False,True,True,True
gray_leaf_blight,GrayLeafSpot1833.jpg,0.1063,0.2482,0.0550,False,True,True,True
gray_leaf_blight,GrayLeafSpot1834.jpg,0.1007,0.2027,0.0391,False,True,True,True
gray_leaf_blight,GrayLeafSpot1835.jpg,0.0959,0.1833,0.0349,False,True,True,True
gray_leaf_blight,GrayLeafSpot1836.jpg,0.1042,0.2160,0.0366,False,True,True,True
gray_leaf_blight,GrayLeafSpot1837.jpg,0.0904,0.1847,0.0380,False,True,True,True
gray_leaf_blight,GrayLeafSpot1838.jpg,0.1094,0.1996,0.0390,False,True,True,True
gray_leaf_blight,GrayLeafSpot1839.jpg,0.1223,0.2389,0.0387,False,True,True,True
gray_leaf_blight,GrayLeafSpot184.jpg,0.2674,0.1727,0.0048,True,True,False,True
gray_leaf_blight,GrayLeafSpot1840.jpg,0.1327,0.0639,0.0164,False,True,False,True
gray_leaf_blight,GrayLeafSpot1841.jpg,0.1272,0.0567,0.0187,False,True,False,True
gray_leaf_blight,GrayLeafSpot1846.jpg,0.1187,0.0603,0.0189,False,True,False,True
gray_leaf_blight,GrayLeafSpot1847.jpg,0.1204,0.0623,0.0179,False,True,False,True
gray_leaf_blight,GrayLeafSpot185.jpg,0.2375,0.1789,0.0059,False,True,False,True
gray_leaf_blight,GrayLeafSpot1857.jpg,0.1450,0.1519,0.1069,False,True,True,True
gray_leaf_blight,GrayLeafSpot186.jpg,0.2353,0.1795,0.0057,False,True,False,True
gray_leaf_blight,GrayLeafSpot1860.jpg,0.1370,0.1172,0.0710,False,True,True,True
gray_leaf_blight,GrayLeafSpot1861.jpg,0.1390,0.1142,0.0689,False,True,True,True
gray_leaf_blight,GrayLeafSpot1864.jpg,0.1484,0.1291,0.0604,False,True,True,True
gray_leaf_blight,GrayLeafSpot1865.jpg,0.1302,0.1179,0.0570,False,True,True,True
gray_leaf_blight,GrayLeafSpot1866.jpg,0.1823,0.2027,0.0040,False,True,False,True
gray_leaf_blight,GrayLeafSpot1867.jpg,0.1951,0.2092,0.0041,False,True,False,True
gray_leaf_blight,GrayLeafSpot1868.jpg,0.1923,0.2012,0.0040,False,True,False,True
gray_leaf_blight,GrayLeafSpot1870.jpg,0.1974,0.2120,0.0036,False,True,False,True
gray_leaf_blight,GrayLeafSpot1871.jpg,0.1848,0.2106,0.0037,False,True,False,True
gray_leaf_blight,GrayLeafSpot1872.jpg,0.1567,0.2103,0.0036,False,True,False,True
gray_leaf_blight,GrayLeafSpot1879.jpg,0.2472,0.2349,0.0013,False,True,False,True
gray_leaf_blight,GrayLeafSpot188.jpg,0.2338,0.1714,0.0031,False,True,False,True
gray_leaf_blight,GrayLeafSpot1893.jpg,0.3343,0.1449,0.0025,True,True,False,True
gray_leaf_blight,GrayLeafSpot1894.jpg,0.0726,0.0383,0.1379,False,True,True,True
gray_leaf_blight,GrayLeafSpot190.jpg,0.2346,0.1890,0.0016,False,True,False,True
gray_leaf_blight,GrayLeafSpot1900.jpg,0.0954,0.0375,0.1286,False,True,True,True
gray_leaf_blight,GrayLeafSpot1901.jpg,0.0923,0.0402,0.1320,False,True,True,True
gray_leaf_blight,GrayLeafSpot1902.jpg,0.0850,0.0399,0.1343,False,True,True,True
gray_leaf_blight,GrayLeafSpot1903.jpg,0.0810,0.0418,0.1330,False,True,True,True
gray_leaf_blight,GrayLeafSpot1904.jpg,0.0734,0.0440,0.1401,False,True,True,True
gray_leaf_blight,GrayLeafSpot1905.jpg,0.0732,0.0441,0.1457,False,True,True,True
gray_leaf_blight,GrayLeafSpot1906.jpg,0.0826,0.0496,0.1468,False,True,True,True
gray_leaf_blight,GrayLeafSpot1907.jpg,0.0815,0.0464,0.1437,False,True,True,True
gray_leaf_blight,GrayLeafSpot1908.jpg,0.0883,0.0488,0.1411,False,True,True,True
gray_leaf_blight,GrayLeafSpot1909.jpg,0.0931,0.0439,0.1387,False,True,True,True
gray_leaf_blight,GrayLeafSpot191.jpg,0.2245,0.1798,0.0034,False,True,False,True
gray_leaf_blight,GrayLeafSpot1910.jpg,0.0955,0.0447,0.1463,False,True,True,True
gray_leaf_blight,GrayLeafSpot1911.jpg,0.0908,0.0469,0.1487,False,True,True,True
gray_leaf_blight,GrayLeafSpot1912.jpg,0.0942,0.0445,0.1456,False,True,True,True
gray_leaf_blight,GrayLeafSpot1913.jpg,0.0927,0.0464,0.1302,False,True,True,True
gray_leaf_blight,GrayLeafSpot1914.jpg,0.0978,0.1342,0.1222,False,True,True,True
gray_leaf_blight,GrayLeafSpot1915.jpg,0.1038,0.1467,0.1293,False,True,True,True
gray_leaf_blight,GrayLeafSpot1916.jpg,0.1068,0.1494,0.1489,False,True,True,True
gray_leaf_blight,GrayLeafSpot192.jpg,0.2647,0.1492,0.0015,True,True,False,True
gray_leaf_blight,GrayLeafSpot1921.jpg,0.1150,0.1596,0.1230,False,True,True,True
gray_leaf_blight,GrayLeafSpot1922.jpg,0.1188,0.1585,0.1115,False,True,True,True
gray_leaf_blight,GrayLeafSpot1923.jpg,0.1303,0.1423,0.1069,False,True,True,True
gray_leaf_blight,GrayLeafSpot1924.jpg,0.1414,0.1363,0.1318,False,True,True,True
gray_leaf_blight,GrayLeafSpot1925.jpg,0.1452,0.1496,0.1377,False,True,True,True
gray_leaf_blight,GrayLeafSpot193.jpg,0.2640,0.1851,0.0061,True,True,False,True
gray_leaf_blight,GrayLeafSpot194.jpg,0.2677,0.1762,0.0054,True,True,False,True
gray_leaf_blight,GrayLeafSpot1944.jpg,0.1159,0.0562,0.0446,False,True,True,True
gray_leaf_blight,GrayLeafSpot195.jpg,0.2556,0.1925,0.0077,True,True,False,True
gray_leaf_blight,GrayLeafSpot1953.jpg,0.0254,0.1800,0.0521,False,True,True,True
gray_leaf_blight,GrayLeafSpot196.jpg,0.2465,0.1815,0.0070,False,True,False,True
gray_leaf_blight,GrayLeafSpot1963.jpg,0.1642,0.1120,0.1380,False,True,True,True
gray_leaf_blight,GrayLeafSpot1964.jpg,0.1661,0.1140,0.1360,False,True,True,True
gray_leaf_blight,GrayLeafSpot197.jpg,0.2514,0.1714,0.0069,True,True,False,True
gray_leaf_blight,GrayLeafSpot1971.jpg,0.1710,0.1002,0.1119,False,True,True,True
gray_leaf_blight,GrayLeafSpot1973.jpg,0.1790,0.0963,0.1138,False,True,True,True
gray_leaf_blight,GrayLeafSpot1974.jpg,0.1706,0.0870,0.0890,False,True,True,True
gray_leaf_blight,GrayLeafSpot1976.jpg,0.1563,0.0851,0.0886,False,True,True,True
gray_leaf_blight,GrayLeafSpot1979.jpg,0.1687,0.0708,0.1054,False,True,True,True
gray_leaf_blight,GrayLeafSpot198.jpg,0.2597,0.1697,0.0068,True,True,False,True
gray_leaf_blight,GrayLeafSpot199.jpg,0.2602,0.1660,0.0047,True,True,False,True
gray_leaf_blight,GrayLeafSpot200.jpg,0.2760,0.1599,0.0028,True,True,False,True
gray_leaf_blight,GrayLeafSpot201.jpg,0.2581,0.1582,0.0021,True,True,False,True
gray_leaf_blight,GrayLeafSpot202.jpg,0.2512,0.1502,0.0039,True,True,False,True
gray_leaf_blight,GrayLeafSpot2027.jpg,0.2418,0.1469,0.1307,False,True,True,True
gray_leaf_blight,GrayLeafSpot203.jpg,0.2542,0.1481,0.0045,True,True,False,True
gray_leaf_blight,GrayLeafSpot204.jpg,0.2605,0.1474,0.0050,True,True,False,True
gray_leaf_blight,GrayLeafSpot2043.jpg,0.1308,0.0276,0.0068,False,True,False,True
gray_leaf_blight,GrayLeafSpot2044.jpg,0.1261,0.0307,0.0100,False,True,False,True
gray_leaf_blight,GrayLeafSpot2045.jpg,0.1268,0.0330,0.0126,False,True,False,True
gray_leaf_blight,GrayLeafSpot2047.jpg,0.1193,0.0338,0.0177,False,True,False,True
gray_leaf_blight,GrayLeafSpot2048.jpg,0.1256,0.0374,0.0207,False,True,False,True
gray_leaf_blight,GrayLeafSpot2049.jpg,0.1281,0.0392,0.0208,False,True,False,True
gray_leaf_blight,GrayLeafSpot2054.jpg,0.1287,0.0388,0.0161,False,True,False,True
gray_leaf_blight,GrayLeafSpot2055.jpg,0.1242,0.0360,0.0174,False,True,False,True
gray_leaf_blight,GrayLeafSpot2057.jpg,0.1290,0.0465,0.0199,False,True,False,True
gray_leaf_blight,GrayLeafSpot2058.jpg,0.1374,0.0532,0.0261,False,True,True,True
gray_leaf_blight,GrayLeafSpot2059.jpg,0.1392,0.0552,0.0259,False,True,True,True
gray_leaf_blight,GrayLeafSpot2060.jpg,0.1509,0.0635,0.0274,False,True,True,True
gray_leaf_blight,GrayLeafSpot2061.jpg,0.1713,0.0613,0.0247,False,True,False,True
gray_leaf_blight,GrayLeafSpot2062.jpg,0.2059,0.0657,0.0243,False,True,False,True
gray_leaf_blight,GrayLeafSpot2063.jpg,0.2193,0.0522,0.0223,False,True,False,True
gray_leaf_blight,GrayLeafSpot2064.jpg,0.2143,0.0413,0.0183,False,True,False,True
gray_leaf_blight,GrayLeafSpot2065.jpg,0.2594,0.0596,0.0084,True,True,False,True
gray_leaf_blight,GrayLeafSpot2066.jpg,0.2774,0.0754,0.0176,True,True,False,True
gray_leaf_blight,GrayLeafSpot2067.jpg,0.2559,0.1042,0.0385,True,True,True,True
gray_leaf_blight,GrayLeafSpot2070.jpg,0.2817,0.0982,0.0336,True,True,True,True
gray_leaf_blight,GrayLeafSpot2071.jpg,0.2779,0.0834,0.0325,True,True,True,True
gray_leaf_blight,GrayLeafSpot2072.jpg,0.2509,0.0761,0.0346,True,True,True,True
gray_leaf_blight,GrayLeafSpot2073.jpg,0.2504,0.0803,0.0274,False,True,True,True
gray_leaf_blight,GrayLeafSpot2074.jpg,0.2306,0.0804,0.0231,False,True,False,True
gray_leaf_blight,GrayLeafSpot2075.jpg,0.2347,0.0851,0.0174,False,True,False,True
gray_leaf_blight,GrayLeafSpot2076.jpg,0.1871,0.0834,0.0180,False,True,False,True
gray_leaf_blight,GrayLeafSpot2077.jpg,0.0925,0.1200,0.0443,False,True,True,True
gray_leaf_blight,GrayLeafSpot2078.jpg,0.1038,0.1730,0.0508,False,True,True,True
gray_leaf_blight,GrayLeafSpot208.jpg,0.2319,0.1434,0.0007,False,True,False,True
gray_leaf_blight,GrayLeafSpot2082.jpg,0.1031,0.1749,0.0513,False,True,True,True
gray_leaf_blight,GrayLeafSpot2084.jpg,0.1043,0.1702,0.0476,False,True,True,True
gray_leaf_blight,GrayLeafSpot2085.jpg,0.0940,0.1516,0.0510,False,True,True,True
gray_leaf_blight,GrayLeafSpot2086.jpg,0.1007,0.1715,0.0525,False,True,True,True
gray_leaf_blight,GrayLeafSpot2087.jpg,0.0974,0.1824,0.0575,False,True,True,True
gray_leaf_blight,GrayLeafSpot2088.jpg,0.1152,0.1829,0.0447,False,True,True,True
gray_leaf_blight,GrayLeafSpot2089.jpg,0.1276,0.2214,0.0685,False,True,True,True
gray_leaf_blight,GrayLeafSpot209.jpg,0.2114,0.1661,0.0029,False,True,False,True
gray_leaf_blight,GrayLeafSpot2090.jpg,0.1281,0.2045,0.0653,False,True,True,True
gray_leaf_blight,GrayLeafSpot2091.jpg,0.1329,0.1874,0.0540,False,True,True,True
gray_leaf_blight,GrayLeafSpot2092.jpg,0.1177,0.1773,0.0468,False,True,True,True
gray_leaf_blight,GrayLeafSpot2093.jpg,0.1149,0.1823,0.0516,False,True,True,True
gray_leaf_blight,GrayLeafSpot2094.jpg,0.1262,0.1944,0.0605,False,True,True,True
gray_leaf_blight,GrayLeafSpot2095.jpg,0.1182,0.2084,0.0628,False,True,True,True
gray_leaf_blight,GrayLeafSpot2096.jpg,0.1107,0.1912,0.0595,False,True,True,True
gray_leaf_blight,GrayLeafSpot2097.jpg,0.0999,0.1774,0.0654,False,True,True,True
gray_leaf_blight,GrayLeafSpot2098.jpg,0.1031,0.1884,0.0674,False,True,True,True
gray_leaf_blight,GrayLeafSpot2099.jpg,0.1054,0.1874,0.0651,False,True,True,True
gray_leaf_blight,GrayLeafSpot210.jpg,0.2142,0.1858,0.0028,False,True,False,True
gray_leaf_blight,GrayLeafSpot2100.jpg,0.1160,0.2181,0.0585,False,True,True,True
gray_leaf_blight,GrayLeafSpot2101.jpg,0.1058,0.2085,0.0482,False,True,True,True
gray_leaf_blight,GrayLeafSpot2102.jpg,0.1107,0.2157,0.0499,False,True,True,True
gray_leaf_blight,GrayLeafSpot2103.jpg,0.1089,0.2053,0.0462,False,True,True,True
gray_leaf_blight,GrayLeafSpot2104.jpg,0.1101,0.1827,0.0472,False,True,True,True
gray_leaf_blight,GrayLeafSpot2106.jpg,0.0902,0.1526,0.0381,False,True,True,True
gray_leaf_blight,GrayLeafSpot2107.jpg,0.0933,0.1654,0.0493,False,True,True,True
gray_leaf_blight,GrayLeafSpot2108.jpg,0.0849,0.2565,0.0944,False,True,True,True
gray_leaf_blight,GrayLeafSpot211.jpg,0.1955,0.1893,0.0045,False,True,False,True
gray_leaf_blight,GrayLeafSpot2116.jpg,0.0901,0.2830,0.0944,False,True,True,True
gray_leaf_blight,GrayLeafSpot2117.jpg,0.0907,0.2908,0.0891,False,True,True,True
gray_leaf_blight,GrayLeafSpot2118.jpg,0.0956,0.2791,0.0838,False,True,True,True
gray_leaf_blight,GrayLeafSpot2119.jpg,0.0982,0.2620,0.0823,False,True,True,True
gray_leaf_blight,GrayLeafSpot2120.jpg,0.1067,0.1500,0.0605,False,True,True,True
gray_leaf_blight,GrayLeafSpot2121.jpg,0.1066,0.1674,0.0633,False,True,True,True
gray_leaf_blight,GrayLeafSpot2122.jpg,0.1158,0.1367,0.0641,False,True,True,True
gray_leaf_blight,GrayLeafSpot2126.jpg,0.1075,0.1258,0.0515,False,True,True,True
gray_leaf_blight,GrayLeafSpot2127.jpg,0.1175,0.1431,0.0566,False,True,True,True
gray_leaf_blight,GrayLeafSpot2128.jpg,0.1434,0.1857,0.0607,False,True,True,True
gray_leaf_blight,GrayLeafSpot2129.jpg,0.1275,0.1752,0.0631,False,True,True,True
gray_leaf_blight,GrayLeafSpot2132.jpg,0.1167,0.1904,0.0517,False,True,True,True
gray_leaf_blight,GrayLeafSpot2133.jpg,0.1028,0.1673,0.0478,False,True,True,True
gray_leaf_blight,GrayLeafSpot2134.jpg,0.0893,0.1584,0.0475,False,True,True,True
gray_leaf_blight,GrayLeafSpot2135.jpg,0.0981,0.1832,0.0428,False,True,True,True
gray_leaf_blight,GrayLeafSpot215.jpg,0.2153,0.1825,0.0035,False,True,False,True
gray_leaf_blight,GrayLeafSpot216.jpg,0.1901,0.1861,0.0016,False,True,False,True
gray_leaf_blight,GrayLeafSpot217.jpg,0.2244,0.1682,0.0063,False,True,False,True
gray_leaf_blight,GrayLeafSpot218.jpg,0.2191,0.1379,0.0032,False,True,False,True
gray_leaf_blight,GrayLeafSpot219.jpg,0.2096,0.1267,0.0036,False,True,False,True
gray_leaf_blight,GrayLeafSpot220.jpg,0.2121,0.1187,0.0024,False,True,False,True
gray_leaf_blight,GrayLeafSpot221.jpg,0.2124,0.1162,0.0019,False,True,False,True
gray_leaf_blight,GrayLeafSpot222.jpg,0.2131,0.1098,0.0020,False,True,False,True
gray_leaf_blight,GrayLeafSpot225.jpg,0.2073,0.0968,0.0039,False,True,False,True
gray_leaf_blight,GrayLeafSpot227.jpg,0.2197,0.0994,0.0063,False,True,False,True
gray_leaf_blight,GrayLeafSpot231.jpg,0.2547,0.1131,0.0073,True,True,False,True
gray_leaf_blight,GrayLeafSpot232.jpg,0.2619,0.1136,0.0068,True,True,False,True
gray_leaf_blight,GrayLeafSpot234.jpg,0.0636,0.0341,0.0438,False,True,True,True
gray_leaf_blight,GrayLeafSpot235.jpg,0.0623,0.0332,0.0427,False,True,True,True
gray_leaf_blight,GrayLeafSpot237.jpg,0.0642,0.0333,0.0460,False,True,True,True
gray_leaf_blight,GrayLeafSpot238.jpg,0.0549,0.0310,0.0549,False,True,True,True
gray_leaf_blight,GrayLeafSpot239.jpg,0.0601,0.0339,0.0576,False,True,True,True
gray_leaf_blight,GrayLeafSpot241.jpg,0.0590,0.0391,0.0515,False,True,True,True
gray_leaf_blight,GrayLeafSpot243.jpg,0.0637,0.0405,0.0426,False,True,True,True
gray_leaf_blight,GrayLeafSpot244.jpg,0.0630,0.0337,0.0195,False,True,False,True
gray_leaf_blight,GrayLeafSpot245.jpg,0.0524,0.0311,0.0365,False,True,True,True
gray_leaf_blight,GrayLeafSpot246.jpg,0.0468,0.0306,0.0309,False,True,True,True
gray_leaf_blight,GrayLeafSpot247.jpg,0.0483,0.0309,0.0259,False,True,True,True
gray_leaf_blight,GrayLeafSpot248.jpg,0.0484,0.0326,0.0374,False,True,True,True
gray_leaf_blight,GrayLeafSpot249.jpg,0.0530,0.0325,0.0389,False,True,True,True
gray_leaf_blight,GrayLeafSpot250.jpg,0.0588,0.0388,0.0423,False,True,True,True
gray_leaf_blight,GrayLeafSpot251.jpg,0.0532,0.0333,0.0494,False,True,True,True
gray_leaf_blight,GrayLeafSpot252.jpg,0.0600,0.0367,0.0435,False,True,True,True
gray_leaf_blight,GrayLeafSpot253.jpg,0.0624,0.0308,0.0326,False,True,True,True
gray_leaf_blight,GrayLeafSpot254.jpg,0.0736,0.0319,0.0124,False,True,False,True
gray_leaf_blight,GrayLeafSpot255.jpg,0.0810,0.0357,0.0250,False,True,False,True
gray_leaf_blight,GrayLeafSpot256.jpg,0.1437,0.0368,0.0108,False,True,False,True
gray_leaf_blight,GrayLeafSpot257.jpg,0.1495,0.0392,0.0092,False,True,False,True
gray_leaf_blight,GrayLeafSpot258.jpg,0.1386,0.0352,0.0069,False,True,False,True
gray_leaf_blight,GrayLeafSpot259.jpg,0.1298,0.0296,0.0123,False,True,False,True
gray_leaf_blight,GrayLeafSpot260.jpg,0.1318,0.0278,0.0089,False,True,False,True
gray_leaf_blight,GrayLeafSpot261.jpg,0.1256,0.0269,0.0117,False,True,False,True
gray_leaf_blight,GrayLeafSpot262.jpg,0.1189,0.0226,0.0091,False,True,False,True
gray_leaf_blight,GrayLeafSpot263.jpg,0.1331,0.0227,0.0051,False,True,False,True
gray_leaf_blight,GrayLeafSpot264.jpg,0.1387,0.0279,0.0058,False,True,False,True
gray_leaf_blight,GrayLeafSpot265.jpg,0.1497,0.0317,0.0117,False,True,False,True
gray_leaf_blight,GrayLeafSpot266.jpg,0.1482,0.0309,0.0162,False,True,False,True
gray_leaf_blight,GrayLeafSpot267.jpg,0.1621,0.0311,0.0053,False,True,False,True
gray_leaf_blight,GrayLeafSpot268.jpg,0.1559,0.0342,0.0123,False,True,False,True
gray_leaf_blight,GrayLeafSpot269.jpg,0.1607,0.0426,0.0135,False,True,False,True
gray_leaf_blight,GrayLeafSpot270.jpg,0.1613,0.0446,0.0093,False,True,False,True
gray_leaf_blight,GrayLeafSpot271.jpg,0.1596,0.0400,0.0134,False,True,False,True
gray_leaf_blight,GrayLeafSpot272.jpg,0.1636,0.0366,0.0131,False,True,False,True
gray_leaf_blight,GrayLeafSpot273.jpg,0.1687,0.0424,0.0107,False,True,False,True
gray_leaf_blight,GrayLeafSpot274.jpg,0.1622,0.0417,0.0139,False,True,False,True
gray_leaf_blight,GrayLeafSpot276.jpg,0.1635,0.0460,0.0087,False,True,False,True
gray_leaf_blight,GrayLeafSpot277.jpg,0.1528,0.0425,0.0149,False,True,False,True
gray_leaf_blight,GrayLeafSpot278.jpg,0.1631,0.0406,0.0092,False,True,False,True
gray_leaf_blight,GrayLeafSpot279.jpg,0.1696,0.0449,0.0089,False,True,False,True
gray_leaf_blight,GrayLeafSpot280.jpg,0.1724,0.0469,0.0129,False,True,False,True
gray_leaf_blight,GrayLeafSpot281.jpg,0.1645,0.0445,0.0127,False,True,False,True
gray_leaf_blight,GrayLeafSpot283.jpg,0.1697,0.0456,0.0189,False,True,False,True
gray_leaf_blight,GrayLeafSpot284.jpg,0.1746,0.0485,0.0116,False,True,False,True
gray_leaf_blight,GrayLeafSpot285.jpg,0.1880,0.0571,0.0067,False,True,False,True
gray_leaf_blight,GrayLeafSpot286.jpg,0.1315,0.0523,0.0158,False,True,False,True
gray_leaf_blight,GrayLeafSpot287.jpg,0.1516,0.0593,0.0159,False,True,False,True
gray_leaf_blight,GrayLeafSpot289.jpg,0.1588,0.0594,0.0145,False,True,False,True
gray_leaf_blight,GrayLeafSpot291.jpg,0.1589,0.0582,0.0142,False,True,False,True
gray_leaf_blight,GrayLeafSpot292.jpg,0.1572,0.0587,0.0139,False,True,False,True
gray_leaf_blight,GrayLeafSpot295.jpg,0.1438,0.0611,0.0143,False,True,False,True
gray_leaf_blight,GrayLeafSpot296.jpg,0.1434,0.0579,0.0126,False,True,False,True
gray_leaf_blight,GrayLeafSpot297.jpg,0.1468,0.0569,0.0098,False,True,False,True
gray_leaf_blight,GrayLeafSpot301.jpg,0.1098,0.0404,0.0145,False,True,False,True
gray_leaf_blight,GrayLeafSpot302.jpg,0.1124,0.0403,0.0133,False,True,False,True
gray_leaf_blight,GrayLeafSpot303.jpg,0.1202,0.0419,0.0108,False,True,False,True
gray_leaf_blight,GrayLeafSpot304.jpg,0.1200,0.0443,0.0127,False,True,False,True
gray_leaf_blight,GrayLeafSpot310.jpg,0.1302,0.0379,0.0098,False,True,False,True
gray_leaf_blight,GrayLeafSpot314.jpg,0.1601,0.0589,0.0102,False,True,False,True
gray_leaf_blight,GrayLeafSpot317.jpg,0.1793,0.1420,0.2321,False,True,True,True
gray_leaf_blight,GrayLeafSpot318.jpg,0.1635,0.1494,0.2631,False,True,True,True
gray_leaf_blight,GrayLeafSpot320.jpg,0.1692,0.1188,0.2129,False,True,True,True
gray_leaf_blight,GrayLeafSpot321.jpg,0.1966,0.1398,0.2036,False,True,True,True
gray_leaf_blight,GrayLeafSpot322.jpg,0.2177,0.1611,0.1731,False,True,True,True
gray_leaf_blight,GrayLeafSpot323.jpg,0.2339,0.1776,0.1673,False,True,True,True
gray_leaf_blight,GrayLeafSpot324.jpg,0.2469,0.1733,0.1274,False,True,True,True
gray_leaf_blight,GrayLeafSpot325.jpg,0.2139,0.1449,0.1094,False,True,True,True
gray_leaf_blight,GrayLeafSpot326.jpg,0.1906,0.1170,0.0555,False,True,True,True
gray_leaf_blight,GrayLeafSpot329.jpg,0.0493,0.0746,0.2049,False,True,True,True
gray_leaf_blight,GrayLeafSpot332.jpg,0.1589,0.1606,0.2376,False,True,True,True
gray_leaf_blight,GrayLeafSpot333.jpg,0.2425,0.1622,0.1603,False,True,True,True
gray_leaf_blight,GrayLeafSpot334.jpg,0.3008,0.1804,0.1082,True,True,True,True
gray_leaf_blight,GrayLeafSpot335.jpg,0.3145,0.1829,0.0729,True,True,True,True
gray_leaf_blight,GrayLeafSpot336.jpg,0.3160,0.2020,0.1278,True,True,True,True
gray_leaf_blight,GrayLeafSpot338.jpg,0.2872,0.2025,0.1781,True,True,True,True
gray_leaf_blight,GrayLeafSpot339.jpg,0.2626,0.1855,0.2042,True,True,True,True
gray_leaf_blight,GrayLeafSpot340.jpg,0.2363,0.1667,0.1328,False,True,True,True
gray_leaf_blight,GrayLeafSpot341.jpg,0.2171,0.1570,0.0953,False,True,True,True
gray_leaf_blight,GrayLeafSpot343.jpg,0.1475,0.1228,0.1836,False,True,True,True
gray_leaf_blight,GrayLeafSpot344.jpg,0.0927,0.1170,0.2640,False,True,True,True
gray_leaf_blight,GrayLeafSpot345.jpg,0.0857,0.1278,0.2839,False,True,True,True
gray_leaf_blight,GrayLeafSpot346.jpg,0.3176,0.0380,0.0966,True,True,True,True
gray_leaf_blight,GrayLeafSpot348.jpg,0.3162,0.0385,0.0941,True,True,True,True
gray_leaf_blight,GrayLeafSpot350.jpg,0.3130,0.0393,0.0931,True,True,True,True
gray_leaf_blight,GrayLeafSpot351.jpg,0.3227,0.0384,0.0944,True,True,True,True
gray_leaf_blight,GrayLeafSpot352.jpg,0.3205,0.0351,0.0889,True,True,True,True
gray_leaf_blight,GrayLeafSpot353.jpg,0.3144,0.0341,0.0816,True,True,True,True
gray_leaf_blight,GrayLeafSpot354.jpg,0.3245,0.0342,0.0791,True,True,True,True
gray_leaf_blight,GrayLeafSpot355.jpg,0.3181,0.0338,0.0768,True,True,True,True
gray_leaf_blight,GrayLeafSpot356.jpg,0.3042,0.0345,0.0906,True,True,True,True
gray_leaf_blight,GrayLeafSpot357.jpg,0.2985,0.0367,0.0914,True,True,True,True
gray_leaf_blight,GrayLeafSpot358.jpg,0.3096,0.0402,0.0893,True,True,True,True
gray_leaf_blight,GrayLeafSpot359.jpg,0.2946,0.0392,0.0943,True,True,True,True
gray_leaf_blight,GrayLeafSpot360.jpg,0.2721,0.0368,0.1144,True,True,True,True
gray_leaf_blight,GrayLeafSpot361.jpg,0.2696,0.0353,0.1164,True,True,True,True
gray_leaf_blight,GrayLeafSpot362.jpg,0.2863,0.0357,0.1209,True,True,True,True
gray_leaf_blight,GrayLeafSpot363.jpg,0.2894,0.0440,0.1266,True,True,True,True
gray_leaf_blight,GrayLeafSpot364.jpg,0.3053,0.0419,0.1429,True,True,True,True
gray_leaf_blight,GrayLeafSpot365.jpg,0.3189,0.0480,0.1499,True,True,True,True
gray_leaf_blight,GrayLeafSpot366.jpg,0.3121,0.0486,0.1484,True,True,True,True
gray_leaf_blight,GrayLeafSpot367.jpg,0.3371,0.0455,0.1498,True,True,True,True
gray_leaf_blight,GrayLeafSpot369.jpg,0.3083,0.0405,0.1426,True,True,True,True
gray_leaf_blight,GrayLeafSpot370.jpg,0.2801,0.0390,0.1268,True,True,True,True
gray_leaf_blight,GrayLeafSpot371.jpg,0.2478,0.0340,0.1185,False,True,True,True
gray_leaf_blight,GrayLeafSpot372.jpg,0.2201,0.0259,0.1340,False,True,True,True
gray_leaf_blight,GrayLeafSpot373.jpg,0.1924,0.0236,0.1437,False,True,True,True
gray_leaf_blight,GrayLeafSpot374.jpg,0.1753,0.0242,0.1369,False,True,True,True
gray_leaf_blight,GrayLeafSpot375.jpg,0.1697,0.0263,0.1324,False,True,True,True
gray_leaf_blight,GrayLeafSpot376.jpg,0.2290,0.0299,0.1408,False,True,True,True
gray_leaf_blight,GrayLeafSpot377.jpg,0.1972,0.0295,0.1525,False,True,True,True
gray_leaf_blight,GrayLeafSpot379.jpg,0.2015,0.0280,0.1395,False,True,True,True
gray_leaf_blight,GrayLeafSpot380.jpg,0.1964,0.0291,0.1406,False,True,True,True
gray_leaf_blight,GrayLeafSpot383.jpg,0.2173,0.0307,0.1336,False,True,True,True
gray_leaf_blight,GrayLeafSpot384.jpg,0.2418,0.0296,0.1243,False,True,True,True
gray_leaf_blight,GrayLeafSpot385.jpg,0.2573,0.0315,0.1117,True,True,True,True
gray_leaf_blight,GrayLeafSpot386.jpg,0.2951,0.0395,0.1167,True,True,True,True
gray_leaf_blight,GrayLeafSpot391.jpg,0.3107,0.0425,0.1276,True,True,True,True
gray_leaf_blight,GrayLeafSpot398.jpg,0.3141,0.0413,0.1111,True,True,True,True
gray_leaf_blight,GrayLeafSpot404.jpg,0.2896,0.0404,0.1505,True,True,True,True
gray_leaf_blight,GrayLeafSpot414.jpg,0.3036,0.0362,0.1460,True,True,True,True
gray_leaf_blight,GrayLeafSpot415.jpg,0.3186,0.0364,0.1458,True,True,True,True
gray_leaf_blight,GrayLeafSpot416.jpg,0.3198,0.0365,0.1435,True,True,True,True
gray_leaf_blight,GrayLeafSpot418.jpg,0.3365,0.0369,0.1440,True,True,True,True
gray_leaf_blight,GrayLeafSpot419.jpg,0.3202,0.0371,0.1356,True,True,True,True
gray_leaf_blight,GrayLeafSpot420.jpg,0.3341,0.0326,0.1227,True,True,True,True
gray_leaf_blight,GrayLeafSpot422.jpg,0.3145,0.0304,0.1152,True,True,True,True
gray_leaf_blight,GrayLeafSpot423.jpg,0.3079,0.0282,0.1040,True,True,True,True
gray_leaf_blight,GrayLeafSpot424.jpg,0.3122,0.0300,0.0972,True,True,True,True
gray_leaf_blight,GrayLeafSpot428.jpg,0.3558,0.0427,0.1296,True,True,True,True
gray_leaf_blight,GrayLeafSpot429.jpg,0.3535,0.0435,0.1352,True,True,True,True
gray_leaf_blight,GrayLeafSpot430.jpg,0.3713,0.0521,0.1378,True,True,True,True
gray_leaf_blight,GrayLeafSpot431.jpg,0.3843,0.0539,0.1411,True,True,True,True
gray_leaf_blight,GrayLeafSpot432.jpg,0.3862,0.0499,0.1510,True,True,True,True
gray_leaf_blight,GrayLeafSpot433.jpg,0.2195,0.0274,0.0735,False,True,True,True
gray_leaf_blight,GrayLeafSpot434.jpg,0.2217,0.0295,0.0679,False,True,True,True
gray_leaf_blight,GrayLeafSpot435.jpg,0.2345,0.0317,0.0571,False,True,True,True
gray_leaf_blight,GrayLeafSpot437.jpg,0.2373,0.0332,0.0553,False,True,True,True
gray_leaf_blight,GrayLeafSpot440.jpg,0.2551,0.0357,0.0434,True,True,True,True
gray_leaf_blight,GrayLeafSpot441.jpg,0.2479,0.0340,0.0351,False,True,True,True
gray_leaf_blight,GrayLeafSpot442.jpg,0.2394,0.0347,0.0316,False,True,True,True
gray_leaf_blight,GrayLeafSpot443.jpg,0.2476,0.0404,0.0350,False,True,True,True
gray_leaf_blight,GrayLeafSpot444.jpg,0.2336,0.0442,0.0369,False,True,True,True
gray_leaf_blight,GrayLeafSpot448.jpg,0.1892,0.0205,0.0424,False,True,True,True
gray_leaf_blight,GrayLeafSpot459.jpg,0.3226,0.0247,0.0644,True,True,True,True
gray_leaf_blight,GrayLeafSpot460.jpg,0.3255,0.0257,0.0645,True,True,True,True
gray_leaf_blight,GrayLeafSpot461.jpg,0.3237,0.0271,0.0652,True,True,True,True
gray_leaf_blight,GrayLeafSpot463.jpg,0.3265,0.0282,0.0678,True,True,True,True
gray_leaf_blight,GrayLeafSpot465.jpg,0.3453,0.0296,0.0673,True,True,True,True
gray_leaf_blight,GrayLeafSpot466.jpg,0.3698,0.0312,0.0696,True,True,True,True
gray_leaf_blight,GrayLeafSpot467.jpg,0.3869,0.0308,0.0775,True,True,True,True
gray_leaf_blight,GrayLeafSpot468.jpg,0.3918,0.0303,0.0863,True,True,True,True
gray_leaf_blight,GrayLeafSpot469.jpg,0.3594,0.0263,0.0918,True,True,True,True
gray_leaf_blight,GrayLeafSpot470.jpg,0.3671,0.0267,0.0949,True,True,True,True
gray_leaf_blight,GrayLeafSpot471.jpg,0.3784,0.0300,0.0923,True,True,True,True
gray_leaf_blight,GrayLeafSpot472.jpg,0.3935,0.0331,0.0911,True,True,True,True
gray_leaf_blight,GrayLeafSpot473.jpg,0.3878,0.0349,0.1039,True,True,True,True
gray_leaf_blight,GrayLeafSpot475.jpg,0.3949,0.0263,0.0725,True,True,True,True
gray_leaf_blight,GrayLeafSpot476.jpg,0.3782,0.0241,0.0605,True,True,True,True
gray_leaf_blight,GrayLeafSpot477.jpg,0.3515,0.0224,0.0560,True,True,True,True
gray_leaf_blight,GrayLeafSpot478.jpg,0.3403,0.0242,0.0530,True,True,True,True
gray_leaf_blight,GrayLeafSpot479.jpg,0.3212,0.0226,0.0475,True,True,True,True
gray_leaf_blight,GrayLeafSpot480.jpg,0.3472,0.0229,0.0482,True,True,True,True
gray_leaf_blight,GrayLeafSpot481.jpg,0.3320,0.0239,0.0516,True,True,True,True
gray_leaf_blight,GrayLeafSpot482.jpg,0.3265,0.0273,0.0556,True,True,True,True
gray_leaf_blight,GrayLeafSpot483.jpg,0.3496,0.0282,0.0580,True,True,True,True
gray_leaf_blight,GrayLeafSpot487.jpg,0.3817,0.0316,0.0630,True,True,True,True
gray_leaf_blight,GrayLeafSpot488.jpg,0.3607,0.0337,0.0771,True,True,True,True
gray_leaf_blight,GrayLeafSpot489.jpg,0.2430,0.0573,0.0637,False,True,True,True
gray_leaf_blight,GrayLeafSpot490.jpg,0.2416,0.0564,0.0659,False,True,True,True
gray_leaf_blight,GrayLeafSpot496.jpg,0.2464,0.0607,0.0544,False,True,True,True
gray_leaf_blight,GrayLeafSpot497.jpg,0.2534,0.0616,0.0524,True,True,True,True
gray_leaf_blight,GrayLeafSpot498.jpg,0.2551,0.0583,0.0498,True,True,True,True
gray_leaf_blight,GrayLeafSpot499.jpg,0.2445,0.0539,0.0520,False,True,True,True
gray_leaf_blight,GrayLeafSpot500.jpg,0.2457,0.0516,0.0548,False,True,True,True
gray_leaf_blight,GrayLeafSpot501.jpg,0.2572,0.0524,0.0545,True,True,True,True
gray_leaf_blight,GrayLeafSpot502.jpg,0.2521,0.0555,0.0537,True,True,True,True
gray_leaf_blight,GrayLeafSpot503.jpg,0.2710,0.0570,0.0544,True,True,True,True
gray_leaf_blight,GrayLeafSpot504.jpg,0.2850,0.0593,0.0486,True,True,True,True
gray_leaf_blight,GrayLeafSpot505.jpg,0.2698,0.0611,0.0516,True,True,True,True
gray_leaf_blight,GrayLeafSpot506.jpg,0.2781,0.0697,0.0481,True,True,True,True
gray_leaf_blight,GrayLeafSpot507.jpg,0.2846,0.0719,0.0430,True,True,True,True
gray_leaf_blight,GrayLeafSpot508.jpg,0.1855,0.0327,0.0134,False,True,False,True
gray_leaf_blight,GrayLeafSpot511.jpg,0.1749,0.0328,0.0139,False,True,False,True
gray_leaf_blight,GrayLeafSpot513.jpg,0.1737,0.0313,0.0133,False,True,False,True
gray_leaf_blight,GrayLeafSpot516.jpg,0.1899,0.0343,0.0107,False,True,False,True
gray_leaf_blight,GrayLeafSpot517.jpg,0.1906,0.0310,0.0083,False,True,False,True
gray_leaf_blight,GrayLeafSpot518.jpg,0.1832,0.0300,0.0089,False,True,False,True
gray_leaf_blight,GrayLeafSpot519.jpg,0.1754,0.0310,0.0102,False,True,False,True
gray_leaf_blight,GrayLeafSpot520.jpg,0.1816,0.0313,0.0096,False,True,False,True
gray_leaf_blight,GrayLeafSpot521.jpg,0.1878,0.0311,0.0094,False,True,False,True
gray_leaf_blight,GrayLeafSpot522.jpg,0.1901,0.0328,0.0078,False,True,False,True
gray_leaf_blight,GrayLeafSpot523.jpg,0.1893,0.0351,0.0075,False,True,False,True
gray_leaf_blight,GrayLeafSpot525.jpg,0.1384,0.0363,0.0378,False,True,True,True
gray_leaf_blight,GrayLeafSpot530.jpg,0.1371,0.0357,0.0431,False,True,True,True
gray_leaf_blight,GrayLeafSpot533.jpg,0.1205,0.0480,0.0198,False,True,False,True
gray_leaf_blight,GrayLeafSpot534.jpg,0.1241,0.0393,0.0184,False,True,False,True
gray_leaf_blight,GrayLeafSpot535.jpg,0.1276,0.0425,0.0182,False,True,False,True
gray_leaf_blight,GrayLeafSpot536.jpg,0.1276,0.0444,0.0171,False,True,False,True
gray_leaf_blight,GrayLeafSpot537.jpg,0.1234,0.0388,0.0162,False,True,False,True
gray_leaf_blight,GrayLeafSpot538.jpg,0.1249,0.0394,0.0154,False,True,False,True
gray_leaf_blight,GrayLeafSpot539.jpg,0.1192,0.0384,0.0158,False,True,False,True
gray_leaf_blight,GrayLeafSpot541.jpg,0.1186,0.0393,0.0153,False,True,False,True
gray_leaf_blight,GrayLeafSpot542.jpg,0.1178,0.0396,0.0130,False,True,False,True
gray_leaf_blight,GrayLeafSpot543.jpg,0.1201,0.0428,0.0131,False,True,False,True
gray_leaf_blight,GrayLeafSpot547.jpg,0.1172,0.0317,0.0063,False,True,False,True
gray_leaf_blight,GrayLeafSpot554.jpg,0.1134,0.0264,0.0175,False,True,False,True
gray_leaf_blight,GrayLeafSpot555.jpg,0.1126,0.0238,0.0154,False,True,False,True
gray_leaf_blight,GrayLeafSpot557.jpg,0.1335,0.0506,0.0834,False,True,True,True
gray_leaf_blight,GrayLeafSpot564.jpg,0.1257,0.0563,0.0527,False,True,True,True
gray_leaf_blight,GrayLeafSpot566.jpg,0.1043,0.0381,0.0466,False,True,True,True
gray_leaf_blight,GrayLeafSpot568.jpg,0.1073,0.0454,0.0479,False,True,True,True
gray_leaf_blight,GrayLeafSpot569.jpg,0.1069,0.0423,0.0493,False,True,True,True
gray_leaf_blight,GrayLeafSpot573.jpg,0.1093,0.0511,0.0623,False,True,True,True
gray_leaf_blight,GrayLeafSpot575.jpg,0.1001,0.0572,0.0774,False,True,True,True
gray_leaf_blight,GrayLeafSpot576.jpg,0.0960,0.0651,0.0809,False,True,True,True
gray_leaf_blight,GrayLeafSpot581.jpg,0.0936,0.0668,0.0472,False,True,True,True
gray_leaf_blight,GrayLeafSpot582.jpg,0.1010,0.0589,0.0397,False,True,True,True
gray_leaf_blight,GrayLeafSpot583.jpg,0.1104,0.0546,0.0342,False,True,True,True
gray_leaf_blight,GrayLeafSpot585.jpg,0.1140,0.0443,0.0308,False,True,True,True
gray_leaf_blight,GrayLeafSpot586.jpg,0.1035,0.0057,0.0029,False,False,False,False
gray_leaf_blight,GrayLeafSpot588.jpg,0.1041,0.0058,0.0029,False,False,False,False
gray_leaf_blight,GrayLeafSpot589.jpg,0.1226,0.0053,0.0019,False,False,False,False
gray_leaf_blight,GrayLeafSpot590.jpg,0.1144,0.0043,0.0025,False,False,False,False
gray_leaf_blight,GrayLeafSpot594.jpg,0.1115,0.0079,0.0030,False,False,False,False
gray_leaf_blight,GrayLeafSpot596.jpg,0.1195,0.0080,0.0015,False,False,False,False
gray_leaf_blight,GrayLeafSpot597.jpg,0.1155,0.0090,0.0022,False,False,False,False
gray_leaf_blight,GrayLeafSpot601.jpg,0.0779,0.0249,0.0610,False,True,True,True
gray_leaf_blight,GrayLeafSpot603.jpg,0.0725,0.0400,0.0537,False,True,True,True
gray_leaf_blight,GrayLeafSpot605.jpg,0.1007,0.0927,0.0474,False,True,True,True
gray_leaf_blight,GrayLeafSpot606.jpg,0.1183,0.0829,0.0676,False,True,True,True
gray_leaf_blight,GrayLeafSpot607.jpg,0.1275,0.0641,0.0785,False,True,True,True
gray_leaf_blight,GrayLeafSpot608.jpg,0.1445,0.0322,0.0881,False,True,True,True
gray_leaf_blight,GrayLeafSpot609.jpg,0.1658,0.0316,0.0816,False,True,True,True
gray_leaf_blight,GrayLeafSpot610.jpg,0.1739,0.0326,0.0751,False,True,True,True
gray_leaf_blight,GrayLeafSpot611.jpg,0.1753,0.0328,0.0651,False,True,True,True
gray_leaf_blight,GrayLeafSpot612.jpg,0.1690,0.0362,0.0660,False,True,True,True
gray_leaf_blight,GrayLeafSpot613.jpg,0.1927,0.0394,0.0527,False,True,True,True
gray_leaf_blight,GrayLeafSpot614.jpg,0.1806,0.0399,0.0610,False,True,True,True
gray_leaf_blight,GrayLeafSpot615.jpg,0.1846,0.0385,0.0618,False,True,True,True
gray_leaf_blight,GrayLeafSpot616.jpg,0.1877,0.0408,0.0566,False,True,True,True
gray_leaf_blight,GrayLeafSpot617.jpg,0.1936,0.0416,0.0527,False,True,True,True
gray_leaf_blight,GrayLeafSpot618.jpg,0.1989,0.0422,0.0473,False,True,True,True
gray_leaf_blight,GrayLeafSpot619.jpg,0.2151,0.0417,0.0446,False,True,True,True
gray_leaf_blight,GrayLeafSpot620.jpg,0.2189,0.0406,0.0466,False,True,True,True
gray_leaf_blight,GrayLeafSpot621.jpg,0.2301,0.0383,0.0485,False,True,True,True
gray_leaf_blight,GrayLeafSpot622.jpg,0.2321,0.0383,0.0494,False,True,True,True
gray_leaf_blight,GrayLeafSpot623.jpg,0.2228,0.0390,0.0511,False,True,True,True
gray_leaf_blight,GrayLeafSpot624.jpg,0.2243,0.0357,0.0503,False,True,True,True
gray_leaf_blight,GrayLeafSpot625.jpg,0.0946,0.0260,0.0669,False,True,True,True
gray_leaf_blight,GrayLeafSpot627.jpg,0.1001,0.0286,0.0634,False,True,True,True
gray_leaf_blight,GrayLeafSpot628.jpg,0.1059,0.0260,0.0592,False,True,True,True
gray_leaf_blight,GrayLeafSpot629.jpg,0.1129,0.0262,0.0743,False,True,True,True
gray_leaf_blight,GrayLeafSpot630.jpg,0.1199,0.0266,0.0600,False,True,True,True
gray_leaf_blight,GrayLeafSpot631.jpg,0.1182,0.0261,0.0626,False,True,True,True
gray_leaf_blight,GrayLeafSpot632.jpg,0.1090,0.0248,0.0575,False,True,True,True
gray_leaf_blight,GrayLeafSpot633.jpg,0.1062,0.0281,0.0567,False,True,True,True
gray_leaf_blight,GrayLeafSpot634.jpg,0.1153,0.0292,0.0678,False,True,True,True
gray_leaf_blight,GrayLeafSpot635.jpg,0.1130,0.0279,0.0772,False,True,True,True
gray_leaf_blight,GrayLeafSpot636.jpg,0.1265,0.0311,0.0608,False,True,True,True
gray_leaf_blight,GrayLeafSpot637.jpg,0.1160,0.0286,0.0716,False,True,True,True
gray_leaf_blight,GrayLeafSpot638.jpg,0.1154,0.0294,0.0585,False,True,True,True
gray_leaf_blight,GrayLeafSpot640.jpg,0.1538,0.0343,0.0481,False,True,True,True
gray_leaf_blight,GrayLeafSpot642.jpg,0.1421,0.0306,0.0746,False,True,True,True
gray_leaf_blight,GrayLeafSpot643.jpg,0.1228,0.0264,0.0681,False,True,True,True
gray_leaf_blight,GrayLeafSpot644.jpg,0.1129,0.0257,0.0700,False,True,True,True
gray_leaf_blight,GrayLeafSpot645.jpg,0.1156,0.0248,0.0627,False,True,True,True
gray_leaf_blight,GrayLeafSpot646.jpg,0.1183,0.0267,0.0624,False,True,True,True
gray_leaf_blight,GrayLeafSpot647.jpg,0.1271,0.0248,0.0567,False,True,True,True
gray_leaf_blight,GrayLeafSpot649.jpg,0.1474,0.0292,0.0520,False,True,True,True
gray_leaf_blight,GrayLeafSpot650.jpg,0.1686,0.0337,0.0534,False,True,True,True
gray_leaf_blight,GrayLeafSpot651.jpg,0.1742,0.0317,0.0682,False,True,True,True
gray_leaf_blight,GrayLeafSpot652.jpg,0.1746,0.0282,0.0673,False,True,True,True
gray_leaf_blight,GrayLeafSpot653.jpg,0.1709,0.0239,0.0639,False,True,True,True
gray_leaf_blight,GrayLeafSpot654.jpg,0.1849,0.0215,0.0463,False,True,True,True
gray_leaf_blight,GrayLeafSpot655.jpg,0.0664,0.0212,0.0191,False,True,False,True
gray_leaf_blight,GrayLeafSpot658.jpg,0.0647,0.0213,0.0191,False,True,False,True
gray_leaf_blight,GrayLeafSpot663.jpg,0.0699,0.0221,0.0167,False,True,False,True
gray_leaf_blight,GrayLeafSpot664.jpg,0.0724,0.0213,0.0160,False,True,False,True
gray_leaf_blight,GrayLeafSpot665.jpg,0.0618,0.0192,0.0186,False,False,False,False
gray_leaf_blight,GrayLeafSpot666.jpg,0.0660,0.0227,0.0174,False,True,False,True
gray_leaf_blight,GrayLeafSpot667.jpg,0.0827,0.0260,0.0142,False,True,False,True
gray_leaf_blight,GrayLeafSpot668.jpg,0.0967,0.0316,0.0110,False,True,False,True
gray_leaf_blight,GrayLeafSpot669.jpg,0.0839,0.0280,0.0105,False,True,False,True
gray_leaf_blight,GrayLeafSpot670.jpg,0.0792,0.0239,0.0057,False,True,False,True
gray_leaf_blight,GrayLeafSpot671.jpg,0.0716,0.0240,0.0077,False,True,False,True
gray_leaf_blight,GrayLeafSpot672.jpg,0.0680,0.0221,0.0068,False,True,False,True
gray_leaf_blight,GrayLeafSpot673.jpg,0.0665,0.0205,0.0044,False,True,False,True
gray_leaf_blight,GrayLeafSpot674.jpg,0.0718,0.0197,0.0034,False,False,False,False
gray_leaf_blight,GrayLeafSpot675.jpg,0.0703,0.0189,0.0044,False,False,False,False
gray_leaf_blight,GrayLeafSpot676.jpg,0.0794,0.0211,0.0051,False,True,False,True
gray_leaf_blight,GrayLeafSpot677.jpg,0.0706,0.0201,0.0080,False,True,False,True
gray_leaf_blight,GrayLeafSpot679.jpg,0.0649,0.0192,0.0094,False,False,False,False
gray_leaf_blight,GrayLeafSpot680.jpg,0.0660,0.0189,0.0071,False,False,False,False
gray_leaf_blight,GrayLeafSpot681.jpg,0.0678,0.0186,0.0064,False,False,False,False
gray_leaf_blight,GrayLeafSpot682.jpg,0.0736,0.0179,0.0044,False,False,False,False
gray_leaf_blight,GrayLeafSpot683.jpg,0.0831,0.0218,0.0034,False,True,False,True
gray_leaf_blight,GrayLeafSpot684.jpg,0.0663,0.0236,0.0025,False,True,False,True
gray_leaf_blight,GrayLeafSpot685.jpg,0.0671,0.0201,0.0206,False,True,False,True
gray_leaf_blight,GrayLeafSpot692.jpg,0.0818,0.0225,0.0231,False,True,False,True
gray_leaf_blight,GrayLeafSpot693.jpg,0.0851,0.0211,0.0183,False,True,False,True
gray_leaf_blight,GrayLeafSpot694.jpg,0.0878,0.0226,0.0136,False,True,False,True
gray_leaf_blight,GrayLeafSpot695.jpg,0.0843,0.0208,0.0115,False,True,False,True
gray_leaf_blight,GrayLeafSpot696.jpg,0.0734,0.0194,0.0142,False,False,False,False
gray_leaf_blight,GrayLeafSpot697.jpg,0.0638,0.0178,0.0101,False,False,False,False
gray_leaf_blight,GrayLeafSpot698.jpg,0.0596,0.0184,0.0101,False,False,False,False
gray_leaf_blight,GrayLeafSpot699.jpg,0.0659,0.0212,0.0148,False,True,False,True
gray_leaf_blight,GrayLeafSpot700.jpg,0.0699,0.0238,0.0105,False,True,False,True
gray_leaf_blight,GrayLeafSpot701.jpg,0.0669,0.0247,0.0088,False,True,False,True
gray_leaf_blight,GrayLeafSpot702.jpg,0.0685,0.0284,0.0087,False,True,False,True
gray_leaf_blight,GrayLeafSpot703.jpg,0.0880,0.0338,0.0085,False,True,False,True
gray_leaf_blight,GrayLeafSpot704.jpg,0.1185,0.0412,0.0093,False,True,False,True
gray_leaf_blight,GrayLeafSpot705.jpg,0.1206,0.0429,0.0092,False,True,False,True
gray_leaf_blight,GrayLeafSpot707.jpg,0.1295,0.0445,0.0057,False,True,False,True
gray_leaf_blight,GrayLeafSpot710.jpg,0.0817,0.0281,0.0079,False,True,False,True
gray_leaf_blight,GrayLeafSpot711.jpg,0.0841,0.0297,0.0111,False,True,False,True
gray_leaf_blight,GrayLeafSpot713.jpg,0.0908,0.0319,0.0148,False,True,False,True
gray_leaf_blight,GrayLeafSpot714.jpg,0.0788,0.0263,0.0158,False,True,False,True
gray_leaf_blight,GrayLeafSpot715.jpg,0.0521,0.0179,0.0327,False,False,True,True
gray_leaf_blight,GrayLeafSpot725.jpg,0.0655,0.0210,0.0314,False,True,True,True
gray_leaf_blight,GrayLeafSpot726.jpg,0.0640,0.0174,0.0270,False,False,True,True
gray_leaf_blight,GrayLeafSpot727.jpg,0.0651,0.0171,0.0269,False,False,True,True
gray_leaf_blight,GrayLeafSpot728.jpg,0.0605,0.0175,0.0219,False,False,False,False
gray_leaf_blight,GrayLeafSpot729.jpg,0.1506,0.0925,0.0644,False,True,True,True
gray_leaf_blight,GrayLeafSpot732.jpg,0.1426,0.0821,0.0552,False,True,True,True
gray_leaf_blight,GrayLeafSpot737.jpg,0.1263,0.0568,0.0289,False,True,True,True
gray_leaf_blight,GrayLeafSpot738.jpg,0.1361,0.0688,0.0217,False,True,False,True
gray_leaf_blight,GrayLeafSpot739.jpg,0.1475,0.0793,0.0194,False,True,False,True
gray_leaf_blight,GrayLeafSpot740.jpg,0.1548,0.0674,0.0099,False,True,False,True
gray_leaf_blight,GrayLeafSpot741.jpg,0.1529,0.0509,0.0070,False,True,False,True
gray_leaf_blight,GrayLeafSpot742.jpg,0.1550,0.0458,0.0100,False,True,False,True
gray_leaf_blight,GrayLeafSpot743.jpg,0.1453,0.0484,0.0090,False,True,False,True
gray_leaf_blight,GrayLeafSpot744.jpg,0.1486,0.0546,0.0072,False,True,False,True
gray_leaf_blight,GrayLeafSpot745.jpg,0.1443,0.0466,0.0051,False,True,False,True
gray_leaf_blight,GrayLeafSpot746.jpg,0.1343,0.0428,0.0043,False,True,False,True
gray_leaf_blight,GrayLeafSpot747.jpg,0.1457,0.0487,0.0050,False,True,False,True
gray_leaf_blight,GrayLeafSpot748.jpg,0.1272,0.0486,0.0101,False,True,False,True
gray_leaf_blight,GrayLeafSpot749.jpg,0.1207,0.0473,0.0113,False,True,False,True
gray_leaf_blight,GrayLeafSpot750.jpg,0.1012,0.0378,0.0109,False,True,False,True
gray_leaf_blight,GrayLeafSpot751.jpg,0.0963,0.0391,0.0094,False,True,False,True
gray_leaf_blight,GrayLeafSpot752.jpg,0.1149,0.0523,0.0074,False,True,False,True
gray_leaf_blight,GrayLeafSpot753.jpg,0.1222,0.0576,0.0042,False,True,False,True
gray_leaf_blight,GrayLeafSpot754.jpg,0.1315,0.0717,0.0040,False,True,False,True
gray_leaf_blight,GrayLeafSpot755.jpg,0.1212,0.0795,0.0080,False,True,False,True
gray_leaf_blight,GrayLeafSpot756.jpg,0.1131,0.0750,0.0241,False,True,False,True
gray_leaf_blight,GrayLeafSpot757.jpg,0.1262,0.0947,0.0211,False,True,False,True
gray_leaf_blight,GrayLeafSpot758.jpg,0.1397,0.1133,0.0206,False,True,False,True
gray_leaf_blight,GrayLeafSpot759.jpg,0.1809,0.0782,0.0476,False,True,True,True
gray_leaf_blight,GrayLeafSpot760.jpg,0.1878,0.0805,0.0474,False,True,True,True
gray_leaf_blight,GrayLeafSpot761.jpg,0.1900,0.0805,0.0493,False,True,True,True
gray_leaf_blight,GrayLeafSpot762.jpg,0.1952,0.0856,0.0505,False,True,True,True
gray_leaf_blight,GrayLeafSpot763.jpg,0.1983,0.0876,0.0457,False,True,True,True
gray_leaf_blight,GrayLeafSpot764.jpg,0.2006,0.0928,0.0541,False,True,True,True
gray_leaf_blight,GrayLeafSpot765.jpg,0.2087,0.1048,0.0547,False,True,True,True
gray_leaf_blight,GrayLeafSpot766.jpg,0.2159,0.0977,0.0476,False,True,True,True
gray_leaf_blight,GrayLeafSpot767.jpg,0.2158,0.0893,0.0440,False,True,True,True
gray_leaf_blight,GrayLeafSpot768.jpg,0.2299,0.0767,0.0327,False,True,True,True
gray_leaf_blight,GrayLeafSpot769.jpg,0.2127,0.0592,0.0198,False,True,False,True
gray_leaf_blight,GrayLeafSpot770.jpg,0.1908,0.0469,0.0189,False,True,False,True
gray_leaf_blight,GrayLeafSpot771.jpg,0.1775,0.0402,0.0210,False,True,False,True
gray_leaf_blight,GrayLeafSpot772.jpg,0.1676,0.0392,0.0222,False,True,False,True
gray_leaf_blight,GrayLeafSpot773.jpg,0.1394,0.0329,0.0201,False,True,False,True
gray_leaf_blight,GrayLeafSpot774.jpg,0.1322,0.0298,0.0188,False,True,False,True
gray_leaf_blight,GrayLeafSpot775.jpg,0.1343,0.0293,0.0208,False,True,False,True
gray_leaf_blight,GrayLeafSpot776.jpg,0.1429,0.0276,0.0140,False,True,False,True
gray_leaf_blight,GrayLeafSpot777.jpg,0.1119,0.0205,0.0153,False,True,False,True
gray_leaf_blight,GrayLeafSpot778.jpg,0.1054,0.0188,0.0128,False,False,False,False
gray_leaf_blight,GrayLeafSpot779.jpg,0.1109,0.0169,0.0122,False,False,False,False
gray_leaf_blight,GrayLeafSpot780.jpg,0.1270,0.0211,0.0197,False,True,False,True
gray_leaf_blight,GrayLeafSpot781.jpg,0.1062,0.0198,0.0308,False,False,True,True
gray_leaf_blight,GrayLeafSpot782.jpg,0.1274,0.0244,0.0511,False,True,True,True
gray_leaf_blight,GrayLeafSpot783.jpg,0.1395,0.0321,0.0712,False,True,True,True
gray_leaf_blight,GrayLeafSpot784.jpg,0.1703,0.0403,0.0821,False,True,True,True
gray_leaf_blight,GrayLeafSpot785.jpg,0.1871,0.1151,0.0400,False,True,True,True
gray_leaf_blight,GrayLeafSpot786.jpg,0.1812,0.0999,0.0353,False,True,True,True
gray_leaf_blight,GrayLeafSpot787.jpg,0.1824,0.0993,0.0303,False,True,True,True
gray_leaf_blight,GrayLeafSpot788.jpg,0.1759,0.0851,0.0239,False,True,False,True
gray_leaf_blight,GrayLeafSpot789.jpg,0.1666,0.0741,0.0211,False,True,False,True
gray_leaf_blight,GrayLeafSpot790.jpg,0.1617,0.0693,0.0170,False,True,False,True
gray_leaf_blight,GrayLeafSpot791.jpg,0.1534,0.0617,0.0169,False,True,False,True
gray_leaf_blight,GrayLeafSpot792.jpg,0.1519,0.0616,0.0152,False,True,False,True
gray_leaf_blight,GrayLeafSpot793.jpg,0.1602,0.0567,0.0111,False,True,False,True
gray_leaf_blight,GrayLeafSpot794.jpg,0.1559,0.0454,0.0083,False,True,False,True
gray_leaf_blight,GrayLeafSpot795.jpg,0.1557,0.0397,0.0097,False,True,False,True
gray_leaf_blight,GrayLeafSpot796.jpg,0.1521,0.0389,0.0119,False,True,False,True
gray_leaf_blight,GrayLeafSpot797.jpg,0.1584,0.0426,0.0189,False,True,False,True
gray_leaf_blight,GrayLeafSpot798.jpg,0.1615,0.0503,0.0195,False,True,False,True
gray_leaf_blight,GrayLeafSpot799.jpg,0.1736,0.0564,0.0216,False,True,False,True
gray_leaf_blight,GrayLeafSpot800.jpg,0.1815,0.0561,0.0210,False,True,False,True
gray_leaf_blight,GrayLeafSpot801.jpg,0.1837,0.0519,0.0188,False,True,False,True
gray_leaf_blight,GrayLeafSpot802.jpg,0.1819,0.0508,0.0187,False,True,False,True
gray_leaf_blight,GrayLeafSpot803.jpg,0.1661,0.0452,0.0163,False,True,False,True
gray_leaf_blight,GrayLeafSpot804.jpg,0.1651,0.0436,0.0138,False,True,False,True
gray_leaf_blight,GrayLeafSpot806.jpg,0.1544,0.0350,0.0174,False,True,False,True
gray_leaf_blight,GrayLeafSpot807.jpg,0.1394,0.0301,0.0169,False,True,False,True
gray_leaf_blight,GrayLeafSpot808.jpg,0.1332,0.0242,0.0190,False,True,False,True
gray_leaf_blight,GrayLeafSpot809.jpg,0.1434,0.0277,0.0247,False,True,False,True
gray_leaf_blight,GrayLeafSpot810.jpg,0.1439,0.0249,0.0220,False,True,False,True
gray_leaf_blight,GrayLeafSpot811.jpg,0.1437,0.0233,0.0209,False,True,False,True
gray_leaf_blight,GrayLeafSpot813.jpg,0.1405,0.0202,0.0412,False,True,True,True
gray_leaf_blight,GrayLeafSpot814.jpg,0.1466,0.0213,0.0548,False,True,True,True
gray_leaf_blight,GrayLeafSpot815.jpg,0.1948,0.0951,0.0338,False,True,True,True
gray_leaf_blight,GrayLeafSpot817.jpg,0.1874,0.1083,0.0347,False,True,True,True
gray_leaf_blight,GrayLeafSpot820.jpg,0.1908,0.0942,0.0308,False,True,True,True
gray_leaf_blight,GrayLeafSpot821.jpg,0.1978,0.0990,0.0295,False,True,True,True
gray_leaf_blight,GrayLeafSpot822.jpg,0.1986,0.1151,0.0347,False,True,True,True
gray_leaf_blight,GrayLeafSpot823.jpg,0.2051,0.1151,0.0381,False,True,True,True
gray_leaf_blight,GrayLeafSpot824.jpg,0.2258,0.1401,0.0376,False,True,True,True
gray_leaf_blight,GrayLeafSpot825.jpg,0.2241,0.1504,0.0392,False,True,True,True
gray_leaf_blight,GrayLeafSpot826.jpg,0.2290,0.1340,0.0369,False,True,True,True
gray_leaf_blight,GrayLeafSpot827.jpg,0.2207,0.1438,0.0323,False,True,True,True
gray_leaf_blight,GrayLeafSpot828.jpg,0.2113,0.1239,0.0303,False,True,True,True
gray_leaf_blight,GrayLeafSpot829.jpg,0.2061,0.1110,0.0267,False,True,True,True
gray_leaf_blight,GrayLeafSpot830.jpg,0.1991,0.0964,0.0257,False,True,False,True
gray_leaf_blight,GrayLeafSpot832.jpg,0.1849,0.0793,0.0105,False,True,False,True
gray_leaf_blight,GrayLeafSpot833.jpg,0.1777,0.0755,0.0158,False,True,False,True
gray_leaf_blight,GrayLeafSpot837.jpg,0.2366,0.1089,0.0208,False,True,False,True
gray_leaf_blight,GrayLeafSpot838.jpg,0.2304,0.1000,0.0205,False,True,False,True
gray_leaf_blight,GrayLeafSpot839.jpg,0.2299,0.0768,0.0156,False,True,False,True
gray_leaf_blight,GrayLeafSpot840.jpg,0.2128,0.0731,0.0178,False,True,False,True
gray_leaf_blight,GrayLeafSpot841.jpg,0.2289,0.0825,0.0178,False,True,False,True
gray_leaf_blight,GrayLeafSpot845.jpg,0.2022,0.0623,0.0145,False,True,False,True
gray_leaf_blight,GrayLeafSpot846.jpg,0.1984,0.0611,0.0155,False,True,False,True
gray_leaf_blight,GrayLeafSpot847.jpg,0.2629,0.0762,0.1855,True,True,True,True
gray_leaf_blight,GrayLeafSpot849.jpg,0.2487,0.0829,0.1938,False,True,True,True
gray_leaf_blight,GrayLeafSpot855.jpg,0.2272,0.0873,0.1552,False,True,True,True
gray_leaf_blight,GrayLeafSpot863.jpg,0.1870,0.0769,0.1420,False,True,True,True
gray_leaf_blight,GrayLeafSpot864.jpg,0.1804,0.0821,0.1534,False,True,True,True
gray_leaf_blight,GrayLeafSpot865.jpg,0.2029,0.0855,0.1133,False,True,True,True
gray_leaf_blight,GrayLeafSpot866.jpg,0.2020,0.0895,0.1121,False,True,True,True
gray_leaf_blight,GrayLeafSpot867.jpg,0.2246,0.0927,0.0874,False,True,True,True
gray_leaf_blight,GrayLeafSpot868.jpg,0.2274,0.1000,0.0943,False,True,True,True
gray_leaf_blight,GrayLeafSpot869.jpg,0.2256,0.1009,0.1020,False,True,True,True
gray_leaf_blight,GrayLeafSpot871.jpg,0.2187,0.1064,0.1157,False,True,True,True
gray_leaf_blight,GrayLeafSpot877.jpg,0.1885,0.0972,0.1258,False,True,True,True
gray_leaf_blight,GrayLeafSpot878.jpg,0.1823,0.0988,0.1290,False,True,True,True
gray_leaf_blight,GrayLeafSpot879.jpg,0.1780,0.0994,0.1438,False,True,True,True
gray_leaf_blight,GrayLeafSpot881.jpg,0.1633,0.0934,0.1500,False,True,True,True
gray_leaf_blight,GrayLeafSpot884.jpg,0.1818,0.1028,0.1232,False,True,True,True
gray_leaf_blight,GrayLeafSpot885.jpg,0.1970,0.1064,0.1234,False,True,True,True
gray_leaf_blight,GrayLeafSpot887.jpg,0.2157,0.1150,0.1488,False,True,True,True
gray_leaf_blight,GrayLeafSpot888.jpg,0.2215,0.1203,0.1527,False,True,True,True
gray_leaf_blight,GrayLeafSpot889.jpg,0.2055,0.1101,0.1589,False,True,True,True
gray_leaf_blight,GrayLeafSpot890.jpg,0.2082,0.1126,0.1708,False,True,True,True
gray_leaf_blight,GrayLeafSpot891.jpg,0.1977,0.0966,0.1689,False,True,True,True
gray_leaf_blight,GrayLeafSpot892.jpg,0.1983,0.0912,0.1704,False,True,True,True
gray_leaf_blight,GrayLeafSpot894.jpg,0.2036,0.1009,0.1569,False,True,True,True
gray_leaf_blight,GrayLeafSpot895.jpg,0.2369,0.0869,0.2922,False,True,True,True
gray_leaf_blight,GrayLeafSpot896.jpg,0.2581,0.0911,0.2512,True,True,True,True
gray_leaf_blight,GrayLeafSpot898.jpg,0.2548,0.0822,0.2332,True,True,True,True
gray_leaf_blight,GrayLeafSpot902.jpg,0.2469,0.0817,0.2684,False,True,True,True
gray_leaf_blight,GrayLeafSpot904.jpg,0.2589,0.0801,0.2267,True,True,True,True
gray_leaf_blight,GrayLeafSpot905.jpg,0.2732,0.0771,0.1806,True,True,True,True
gray_leaf_blight,GrayLeafSpot906.jpg,0.3034,0.0726,0.1238,True,True,True,True
gray_leaf_blight,GrayLeafSpot907.jpg,0.3348,0.0654,0.0980,True,True,True,True
gray_leaf_blight,GrayLeafSpot908.jpg,0.3591,0.0642,0.0629,True,True,True,True
gray_leaf_blight,GrayLeafSpot909.jpg,0.3385,0.0538,0.0529,True,True,True,True
gray_leaf_blight,GrayLeafSpot910.jpg,0.3049,0.0527,0.0587,True,True,True,True
gray_leaf_blight,GrayLeafSpot911.jpg,0.2863,0.0552,0.0681,True,True,True,True
gray_leaf_blight,GrayLeafSpot912.jpg,0.2604,0.0532,0.0895,True,True,True,True
gray_leaf_blight,GrayLeafSpot913.jpg,0.2400,0.0533,0.1029,False,True,True,True
gray_leaf_blight,GrayLeafSpot914.jpg,0.2392,0.0604,0.1671,False,True,True,True
gray_leaf_blight,GrayLeafSpot915.jpg,0.2507,0.0617,0.2363,False,True,True,True
gray_leaf_blight,GrayLeafSpot916.jpg,0.2825,0.0679,0.2393,True,True,True,True
gray_leaf_blight,GrayLeafSpot917.jpg,0.2970,0.0761,0.2256,True,True,True,True
gray_leaf_blight,GrayLeafSpot918.jpg,0.3065,0.0792,0.2542,True,True,True,True
gray_leaf_blight,GrayLeafSpot919.jpg,0.3077,0.0793,0.2175,True,True,True,True
gray_leaf_blight,GrayLeafSpot920.jpg,0.3055,0.0842,0.2120,True,True,True,True
gray_leaf_blight,GrayLeafSpot921.jpg,0.3077,0.0913,0.2081,True,True,True,True
gray_leaf_blight,GrayLeafSpot922.jpg,0.3043,0.0947,0.1980,True,True,True,True
gray_leaf_blight,GrayLeafSpot923.jpg,0.3018,0.0943,0.1809,True,True,True,True
gray_leaf_blight,GrayLeafSpot924.jpg,0.2957,0.0927,0.1789,True,True,True,True
gray_leaf_blight,GrayLeafSpot925.jpg,0.2886,0.0518,0.1735,True,True,True,True
gray_leaf_blight,GrayLeafSpot926.jpg,0.2777,0.0602,0.1970,True,True,True,True
gray_leaf_blight,GrayLeafSpot927.jpg,0.2660,0.0683,0.2452,True,True,True,True
gray_leaf_blight,GrayLeafSpot928.jpg,0.2355,0.0660,0.2266,False,True,True,True
gray_leaf_blight,GrayLeafSpot929.jpg,0.2510,0.0688,0.2115,True,True,True,True
gray_leaf_blight,GrayLeafSpot930.jpg,0.1358,0.2076,0.3461,False,True,True,True
gray_leaf_blight,GrayLeafSpot931.jpg,0.1407,0.2357,0.3542,False,True,True,True
gray_leaf_blight,GrayLeafSpot932.jpg,0.1342,0.2181,0.3553,False,True,True,True
gray_leaf_blight,GrayLeafSpot933.jpg,0.1332,0.2220,0.3685,False,True,True,True
gray_leaf_blight,GrayLeafSpot934.jpg,0.1366,0.2021,0.3851,False,True,True,True
gray_leaf_blight,GrayLeafSpot937.jpg,0.1535,0.2150,0.3944,False,True,True,True
gray_leaf_blight,GrayLeafSpot938.jpg,0.1539,0.2205,0.4087,False,True,True,True
gray_leaf_blight,GrayLeafSpot939.jpg,0.1448,0.2374,0.4851,False,True,True,True
gray_leaf_blight,GrayLeafSpot940.jpg,0.1479,0.2473,0.4993,False,True,True,True
gray_leaf_blight,GrayLeafSpot941.jpg,0.1407,0.2378,0.5092,False,True,True,True
gray_leaf_blight,GrayLeafSpot942.jpg,0.1373,0.2402,0.5349,False,True,True,True
gray_leaf_blight,GrayLeafSpot943.jpg,0.1394,0.2340,0.5599,False,True,True,True
gray_leaf_blight,GrayLeafSpot944.jpg,0.1386,0.2318,0.5727,False,True,True,True
gray_leaf_blight,GrayLeafSpot945.jpg,0.1401,0.2365,0.5509,False,True,True,True
gray_leaf_blight,GrayLeafSpot946.jpg,0.1360,0.2362,0.5582,False,True,True,True
gray_leaf_blight,GrayLeafSpot947.jpg,0.1411,0.2391,0.5378,False,True,True,True
gray_leaf_blight,GrayLeafSpot948.jpg,0.1513,0.2440,0.4761,False,True,True,True
gray_leaf_blight,GrayLeafSpot949.jpg,0.1508,0.2543,0.4474,False,True,True,True
gray_leaf_blight,GrayLeafSpot950.jpg,0.1364,0.2421,0.4291,False,True,True,True
gray_leaf_blight,GrayLeafSpot951.jpg,0.1389,0.2365,0.3724,False,True,True,True
gray_leaf_blight,GrayLeafSpot952.jpg,0.1303,0.2152,0.3435,False,True,True,True
gray_leaf_blight,GrayLeafSpot953.jpg,0.1210,0.2012,0.3701,False,True,True,True
gray_leaf_blight,GrayLeafSpot954.jpg,0.1033,0.2112,0.4750,False,True,True,True
gray_leaf_blight,GrayLeafSpot955.jpg,0.0976,0.2307,0.5174,False,True,True,True
gray_leaf_blight,GrayLeafSpot956.jpg,0.0985,0.2153,0.4993,False,True,True,True
gray_leaf_blight,GrayLeafSpot957.jpg,0.0992,0.2138,0.5111,False,True,True,True
gray_leaf_blight,GrayLeafSpot958.jpg,0.0948,0.2064,0.5388,False,True,True,True
gray_leaf_blight,GrayLeafSpot959.jpg,0.1010,0.2069,0.5134,False,True,True,True
gray_leaf_blight,GrayLeafSpot960.jpg,0.1311,0.0792,0.3805,False,True,True,True
gray_leaf_blight,GrayLeafSpot961.jpg,0.1340,0.0787,0.3818,False,True,True,True
gray_leaf_blight,GrayLeafSpot964.jpg,0.1353,0.0777,0.3769,False,True,True,True
gray_leaf_blight,GrayLeafSpot968.jpg,0.1469,0.0772,0.3787,False,True,True,True
gray_leaf_blight,GrayLeafSpot969.jpg,0.1509,0.0811,0.3702,False,True,True,True
gray_leaf_blight,GrayLeafSpot970.jpg,0.1511,0.0793,0.3717,False,True,True,True
gray_leaf_blight,GrayLeafSpot971.jpg,0.1489,0.0814,0.3672,False,True,True,True
gray_leaf_blight,GrayLeafSpot972.jpg,0.1448,0.0830,0.3700,False,True,True,True
gray_leaf_blight,GrayLeafSpot973.jpg,0.1321,0.0906,0.4039,False,True,True,True
gray_leaf_blight,GrayLeafSpot974.jpg,0.1192,0.0769,0.4167,False,True,True,True
gray_leaf_blight,GrayLeafSpot975.jpg,0.1088,0.0768,0.4560,False,True,True,True
gray_leaf_blight,GrayLeafSpot976.jpg,0.1013,0.0729,0.4745,False,True,True,True
gray_leaf_blight,GrayLeafSpot977.jpg,0.0851,0.0652,0.4969,False,True,True,True
gray_leaf_blight,GrayLeafSpot978.jpg,0.0793,0.0620,0.4813,False,True,True,True
gray_leaf_blight,GrayLeafSpot979.jpg,0.0709,0.0588,0.4799,False,True,True,True
gray_leaf_blight,GrayLeafSpot980.jpg,0.0712,0.0572,0.4618,False,True,True,True
gray_leaf_blight,GrayLeafSpot981.jpg,0.0751,0.0508,0.4433,False,True,True,True
gray_leaf_blight,GrayLeafSpot982.jpg,0.0715,0.0480,0.4332,False,True,True,True
gray_leaf_blight,GrayLeafSpot984.jpg,0.0649,0.0435,0.4302,False,True,True,True
gray_leaf_blight,GrayLeafSpot985.jpg,0.0560,0.0463,0.4365,False,True,True,True
gray_leaf_blight,GrayLeafSpot986.jpg,0.0476,0.0573,0.4973,False,True,True,True
gray_leaf_blight,GrayLeafSpot987.jpg,0.0452,0.0733,0.5640,False,True,True,True
gray_leaf_blight,GrayLeafSpot988.jpg,0.0827,0.1506,0.6353,False,True,True,True
gray_leaf_blight,GrayLeafSpot989.jpg,0.2635,0.2626,0.4081,True,True,True,True
gray_leaf_blight,GrayLeafSpot990.jpg,0.2783,0.1179,0.0164,True,True,False,True
gray_leaf_blight,GrayLeafSpot991.jpg,0.2761,0.1247,0.0156,True,True,False,True
gray_leaf_blight,GrayLeafSpot992.jpg,0.2770,0.1312,0.0143,True,True,False,True
gray_leaf_blight,GrayLeafSpot993.jpg,0.2801,0.1521,0.0178,True,True,False,True
gray_leaf_blight,GrayLeafSpot994.jpg,0.2743,0.1755,0.0157,True,True,False,True
gray_leaf_blight,GrayLeafSpot995.jpg,0.2721,0.1624,0.0108,True,True,False,True
gray_leaf_blight,GrayLeafSpot996.jpg,0.2750,0.1401,0.0092,True,True,False,True
gray_leaf_blight,GrayLeafSpot997.jpg,0.2821,0.1172,0.0125,True,True,False,True
gray_leaf_blight,GrayLeafSpot998.jpg,0.2877,0.1175,0.0181,True,True,False,True
gray_leaf_blight,GrayLeafSpot999.jpg,0.3103,0.1180,0.0194,True,True,False,True
gray_leaf_blight,How to Treat Brown blotch Disease on Common coconut palm_ (1).jpg,0.1069,0.1061,0.0811,False,True,True,True
gray_leaf_blight,How to Treat Brown blotch Disease on Common coconut palm_ (2).jpg,0.1137,0.0924,0.1219,False,True,True,True
gray_leaf_blight,How to Treat Brown blotch Disease on Common coconut palm_.jpg,0.2156,0.1610,0.0876,False,True,True,True
gray_leaf_blight,Hymenopteran parasitoids of black-headed caterpillar Opisina arenosella Walker (.jpg,0.2545,0.1365,0.0245,True,True,False,True
gray_leaf_blight,ICAR-Central Plantation Crops Research Institute (1).jpg,0.6391,0.0046,0.0473,True,False,True,True
gray_leaf_blight,ICAR-Central Plantation Crops Research Institute.jpg,0.2066,0.0039,0.0042,False,False,False,False
gray_leaf_blight,"Iris diseases_ Symptoms, Causes & Control _ RHS Advice.jpg",0.5668,0.1732,0.0025,True,True,False,True
gray_leaf_blight,Iris rust - Stock Image - B275_0039 - Science Photo Library.jpg,0.0566,0.0061,0.0029,False,False,False,False
gray_leaf_blight,Know Your Diseases.jpg,0.3897,0.0345,0.0823,True,True,True,True
gray_leaf_blight,Leaf Spots and Leaf Blights _ Symptoms of Palm Diseases and Disorders (1).jpg,0.8081,0.0782,0.0043,True,True,False,True
gray_leaf_blight,Leaf blight disease of coconut tree Stock Photo (1).jpg,0.3922,0.1212,0.0533,True,True,True,True
gray_leaf_blight,Leaf blight disease of coconut tree Stock Photo.jpg,0.2666,0.0098,0.0959,True,False,True,True
gray_leaf_blight,Leaf blight disease on coconut tree Control measures - Removal of the older affe.jpg,0.4607,0.1382,0.0888,True,True,True,True
gray_leaf_blight,Leaf spot disease hi-res stock photography and images - Alamy.jpg,0.5729,0.1960,0.3380,True,True,True,True
gray_leaf_blight,Phytopathology Study of Fungal Blight on Coconut Palm Leaf Stock Photo.jpg,0.1045,0.1625,0.0130,False,True,False,True
gray_leaf_blight,Small oval brown leaf spots of coconut seedling blight (Bipolaris incurvata). At (1).jpg,0.6142,0.1172,0.0155,True,True,False,True
gray_leaf_blight,Small oval brown leaf spots of coconut seedling blight (Bipolaris incurvata). At.jpg,0.4304,0.0061,0.0499,True,False,True,True
gray_leaf_blight,coconut leaves are damaged by Anthracnose pathogen or Colletotrichum Fungi and b.jpg,0.4694,0.1807,0.2470,True,True,True,True
gray_leaf_blight,coconut palm disease_ - DISCUSSING PALM TREES WORLDWIDE - PalmTalk.jpg,0.1320,0.0206,0.0424,False,True,True,True
gray_leaf_blight,houseplants - Cocos nucifera (coconut palm)_ Brown leaves. Why_ - Gardening & La.jpg,0.0326,0.0013,0.0060,False,False,False,False
gray_leaf_blight,palm leaves are damaged by Anthracnose pathogen or Colletotrichum Fungi and be c.jpg,0.4184,0.1629,0.1727,True,True,True,True
leaf_rot,Leaf Spots and Leaf Blights _ Symptoms of Palm Diseases and Disorders.jpg,0.1710,0.0155,0.0450,False,False,True,True
leaf_rot,Leaf Spots and Leaf Blights of Palm1.jpg,0.3147,0.0100,0.0151,True,False,False,True
leaf_rot,LeafRot001.jpg,0.0037,0.0000,0.2508,False,False,True,True
leaf_rot,LeafRot020.jpg,0.0069,0.0024,0.6005,False,False,True,True
leaf_rot,LeafRot021.jpg,0.0156,0.0018,0.5378,False,False,True,True
leaf_rot,LeafRot031.jpg,0.1966,0.1398,0.2036,False,True,True,True
leaf_rot,LeafRot032.jpg,0.2177,0.1611,0.1731,False,True,True,True
leaf_rot,LeafRot033.jpg,0.2339,0.1776,0.1673,False,True,True,True
leaf_rot,LeafRot034.jpg,0.2469,0.1733,0.1274,False,True,True,True
leaf_rot,LeafRot035.jpg,0.2139,0.1449,0.1094,False,True,True,True
leaf_rot,LeafRot036.jpg,0.1906,0.1170,0.0555,False,True,True,True
leaf_rot,LeafRot051.jpg,0.2171,0.1570,0.0953,False,True,True,True
leaf_rot,LeafRot053.jpg,0.1475,0.1228,0.1836,False,True,True,True
leaf_rot,LeafRot054.jpg,0.0927,0.1170,0.2640,False,True,True,True
leaf_rot,LeafRot055.jpg,0.0857,0.1278,0.2839,False,True,True,True
leaf_rot,LeafRot056.jpg,0.1751,0.0676,0.1966,False,True,True,True
leaf_rot,LeafRot064.jpg,0.1423,0.0457,0.1607,False,True,True,True
leaf_rot,LeafRot065.jpg,0.1379,0.0413,0.2147,False,True,True,True
leaf_rot,LeafRot066.jpg,0.0965,0.0427,0.3394,False,True,True,True
leaf_rot,LeafRot067.jpg,0.1079,0.0582,0.4167,False,True,True,True
leaf_rot,LeafRot068.jpg,0.1053,0.0535,0.3891,False,True,True,True
leaf_rot,LeafRot069.jpg,0.1233,0.0535,0.3198,False,True,True,True
leaf_rot,LeafRot070.jpg,0.1273,0.0495,0.3966,False,True,True,True
leaf_rot,LeafRot071.jpg,0.1195,0.0551,0.4071,False,True,True,True
leaf_rot,LeafRot072.jpg,0.1211,0.0493,0.3835,False,True,True,True
leaf_rot,LeafRot073.jpg,0.1320,0.0693,0.3809,False,True,True,True
leaf_rot,LeafRot074.jpg,0.1480,0.0610,0.2934,False,True,True,True
leaf_rot,LeafRot075.jpg,0.1616,0.0693,0.2477,False,True,True,True
leaf_rot,LeafRot076.jpg,0.1740,0.0665,0.1636,False,True,True,True
leaf_rot,LeafRot077.jpg,0.1863,0.0944,0.0382,False,True,True,True
leaf_rot,LeafRot078.jpg,0.0753,0.0374,0.0171,False,True,False,True
leaf_rot,LeafRot080.jpg,0.1254,0.0645,0.0516,False,True,True,True
leaf_rot,LeafRot081.jpg,0.1219,0.0709,0.0542,False,True,True,True
leaf_rot,LeafRot082.jpg,0.1246,0.0715,0.0512,False,True,True,True
leaf_rot,LeafRot083.jpg,0.1272,0.0713,0.0440,False,True,True,True
leaf_rot,LeafRot086.jpg,0.1273,0.0479,0.0318,False,True,True,True
leaf_rot,LeafRot087.jpg,0.1346,0.0586,0.0351,False,True,True,True
leaf_rot,LeafRot089.jpg,0.1031,0.0362,0.0182,False,True,False,True
leaf_rot,LeafRot090.jpg,0.0828,0.0318,0.0133,False,True,False,True
leaf_rot,LeafRot091.jpg,0.0779,0.0267,0.0113,False,True,False,True
leaf_rot,LeafRot092.jpg,0.0774,0.0211,0.0088,False,True,False,True
leaf_rot,LeafRot093.jpg,0.0734,0.0215,0.0086,False,True,False,True
leaf_rot,LeafRot094.jpg,0.0654,0.0181,0.0072,False,False,False,False
leaf_rot,LeafRot095.jpg,0.0659,0.0143,0.0097,False,False,False,False
leaf_rot,LeafRot096.jpg,0.0729,0.0140,0.0064,False,False,False,False
leaf_rot,LeafRot097.jpg,0.0671,0.0118,0.0069,False,False,False,False
leaf_rot,LeafRot098.jpg,0.0533,0.0103,0.0040,False,False,False,False
leaf_rot,LeafRot099.jpg,0.0560,0.0130,0.0035,False,False,False,False
leaf_rot,LeafRot100.jpg,0.0579,0.0169,0.0052,False,False,False,False
leaf_rot,LeafRot1000.jpg,0.1745,0.0657,0.1291,False,True,True,True
leaf_rot,LeafRot1001.jpg,0.1946,0.0729,0.1199,False,True,True,True
leaf_rot,LeafRot1002.jpg,0.2033,0.0780,0.0636,False,True,True,True
leaf_rot,LeafRot1003.jpg,0.1597,0.1431,0.1508,False,True,True,True
leaf_rot,LeafRot1007.jpg,0.1607,0.1525,0.1394,False,True,True,True
leaf_rot,LeafRot1008.jpg,0.1538,0.1818,0.1298,False,True,True,True
leaf_rot,LeafRot101.jpg,0.0565,0.0156,0.0057,False,False,False,False
leaf_rot,LeafRot1010.jpg,0.1457,0.1755,0.1429,False,True,True,True
leaf_rot,LeafRot1013.jpg,0.1592,0.1979,0.1429,False,True,True,True
leaf_rot,LeafRot1014.jpg,0.1602,0.2079,0.1218,False,True,True,True
leaf_rot,LeafRot1015.jpg,0.1649,0.2234,0.1191,False,True,True,True
leaf_rot,LeafRot1016.jpg,0.1683,0.2288,0.1098,False,True,True,True
leaf_rot,LeafRot1017.jpg,0.1512,0.2254,0.0715,False,True,True,True
leaf_rot,LeafRot1018.jpg,0.1436,0.1225,0.0345,False,True,True,True
leaf_rot,LeafRot1019.jpg,0.1437,0.0805,0.0250,False,True,False,True
leaf_rot,LeafRot1020.jpg,0.1393,0.0607,0.0291,False,True,True,True
leaf_rot,LeafRot1021.jpg,0.1525,0.0661,0.0238,False,True,False,True
leaf_rot,LeafRot1022.jpg,0.1496,0.0644,0.0215,False,True,False,True
leaf_rot,LeafRot1023.jpg,0.1654,0.0638,0.0157,False,True,False,True
leaf_rot,LeafRot1024.jpg,0.1566,0.0581,0.0259,False,True,False,True
leaf_rot,LeafRot1025.jpg,0.1773,0.0629,0.0515,False,True,True,True
leaf_rot,LeafRot1026.jpg,0.1762,0.0722,0.0886,False,True,True,True
leaf_rot,LeafRot1027.jpg,0.2170,0.0827,0.0510,False,True,True,True
leaf_rot,LeafRot1028.jpg,0.1976,0.0776,0.0378,False,True,True,True
leaf_rot,LeafRot1029.jpg,0.1820,0.0607,0.0196,False,True,False,True
leaf_rot,LeafRot1031.jpg,0.2084,0.0600,0.0115,False,True,False,True
leaf_rot,LeafRot1032.jpg,0.2328,0.0651,0.0068,False,True,False,True
leaf_rot,LeafRot1033.jpg,0.0631,0.0526,0.4327,False,True,True,True
leaf_rot,LeafRot1034.jpg,0.0617,0.0518,0.4308,False,True,True,True
leaf_rot,LeafRot1036.jpg,0.0571,0.0489,0.4416,False,True,True,True
leaf_rot,LeafRot1037.jpg,0.0599,0.0486,0.4475,False,True,True,True
leaf_rot,LeafRot1038.jpg,0.0670,0.0523,0.4425,False,True,True,True
leaf_rot,LeafRot1039.jpg,0.0746,0.0519,0.4208,False,True,True,True
leaf_rot,LeafRot1040.jpg,0.0945,0.0597,0.3906,False,True,True,True
leaf_rot,LeafRot1043.jpg,0.0924,0.0595,0.3568,False,True,True,True
leaf_rot,LeafRot1044.jpg,0.0998,0.0601,0.3744,False,True,True,True
leaf_rot,LeafRot1047.jpg,0.1536,0.0761,0.2904,False,True,True,True
leaf_rot,LeafRot1050.jpg,0.1392,0.0618,0.3180,False,True,True,True
leaf_rot,LeafRot1051.jpg,0.1628,0.0580,0.2593,False,True,True,True
leaf_rot,LeafRot1052.jpg,0.1632,0.0526,0.1972,False,True,True,True
leaf_rot,LeafRot1053.jpg,0.1814,0.0562,0.1833,False,True,True,True
leaf_rot,LeafRot1055.jpg,0.2290,0.0696,0.0787,False,True,True,True
leaf_rot,LeafRot1059.jpg,0.1343,0.0404,0.1571,False,True,True,True
leaf_rot,LeafRot106.jpg,0.0604,0.0136,0.0073,False,False,False,False
leaf_rot,LeafRot1060.jpg,0.1133,0.0413,0.2897,False,True,True,True
leaf_rot,LeafRot1061.jpg,0.1001,0.0381,0.3181,False,True,True,True
leaf_rot,LeafRot1062.jpg,0.0744,0.0382,0.3898,False,True,True,True
leaf_rot,LeafRot1063.jpg,0.2660,0.0861,0.1993,True,True,True,True
leaf_rot,LeafRot1064.jpg,0.2652,0.0857,0.1942,True,True,True,True
leaf_rot,LeafRot1065.jpg,0.2560,0.0878,0.1864,True,True,True,True
leaf_rot,LeafRot1066.jpg,0.2352,0.0755,0.1922,False,True,True,True
leaf_rot,LeafRot1067.jpg,0.2350,0.0784,0.2233,False,True,True,True
leaf_rot,LeafRot1068.jpg,0.2323,0.0824,0.2740,False,True,True,True
leaf_rot,LeafRot1069.jpg,0.2391,0.0820,0.2436,False,True,True,True
leaf_rot,LeafRot107.jpg,0.0643,0.0139,0.0089,False,False,False,False
leaf_rot,LeafRot1070.jpg,0.2306,0.0755,0.2233,False,True,True,True
leaf_rot,LeafRot1071.jpg,0.2105,0.0725,0.2173,False,True,True,True
leaf_rot,LeafRot1072.jpg,0.2104,0.0621,0.1987,False,True,True,True
leaf_rot,LeafRot1073.jpg,0.1930,0.0585,0.1502,False,True,True,True
leaf_rot,LeafRot1074.jpg,0.1769,0.0523,0.1636,False,True,True,True
leaf_rot,LeafRot1075.jpg,0.1637,0.0490,0.2050,False,True,True,True
leaf_rot,LeafRot1076.jpg,0.1512,0.0421,0.2178,False,True,True,True
leaf_rot,LeafRot1077.jpg,0.1245,0.0415,0.2497,False,True,True,True
leaf_rot,LeafRot1078.jpg,0.1177,0.0468,0.3079,False,True,True,True
leaf_rot,LeafRot1079.jpg,0.0975,0.0361,0.3301,False,True,True,True
leaf_rot,LeafRot108.jpg,0.0626,0.0140,0.0064,False,False,False,False
leaf_rot,LeafRot1080.jpg,0.0788,0.0359,0.3482,False,True,True,True
leaf_rot,LeafRot1081.jpg,0.0693,0.0330,0.3655,False,True,True,True
leaf_rot,LeafRot1082.jpg,0.0576,0.0274,0.3709,False,True,True,True
leaf_rot,LeafRot1083.jpg,0.0469,0.0220,0.3333,False,True,True,True
leaf_rot,LeafRot1084.jpg,0.0485,0.0227,0.2931,False,True,True,True
leaf_rot,LeafRot1085.jpg,0.0350,0.0228,0.2957,False,True,True,True
leaf_rot,LeafRot1086.jpg,0.0336,0.0227,0.2867,False,True,True,True
leaf_rot,LeafRot1087.jpg,0.0286,0.0286,0.2961,False,True,True,True
leaf_rot,LeafRot1088.jpg,0.0258,0.0277,0.3135,False,True,True,True
leaf_rot,LeafRot109.jpg,0.0511,0.0137,0.0022,False,False,False,False
leaf_rot,LeafRot1090.jpg,0.0619,0.0464,0.3989,False,True,True,True
leaf_rot,LeafRot1091.jpg,0.0852,0.0585,0.4369,False,True,True,True
leaf_rot,LeafRot1092.jpg,0.1077,0.0570,0.3901,False,True,True,True
leaf_rot,LeafRot1093.jpg,0.1484,0.0803,0.3485,False,True,True,True
leaf_rot,LeafRot110.jpg,0.1724,0.1230,0.1698,False,True,True,True
leaf_rot,LeafRot1104.jpg,0.1572,0.0805,0.3215,False,True,True,True
leaf_rot,LeafRot1105.jpg,0.1685,0.0841,0.3102,False,True,True,True
leaf_rot,LeafRot1106.jpg,0.1633,0.0818,0.2905,False,True,True,True
leaf_rot,LeafRot1107.jpg,0.1672,0.0834,0.2899,False,True,True,True
leaf_rot,LeafRot1108.jpg,0.1715,0.0879,0.3046,False,True,True,True
leaf_rot,LeafRot111.jpg,0.1679,0.1137,0.1760,False,True,True,True
leaf_rot,LeafRot1112.jpg,0.1675,0.0788,0.2878,False,True,True,True
leaf_rot,LeafRot1113.jpg,0.1409,0.0731,0.3389,False,True,True,True
leaf_rot,LeafRot1114.jpg,0.1169,0.0684,0.3587,False,True,True,True
leaf_rot,LeafRot1115.jpg,0.1051,0.0661,0.4013,False,True,True,True
leaf_rot,LeafRot1119.jpg,0.1479,0.0746,0.3438,False,True,True,True
leaf_rot,LeafRot1120.jpg,0.1647,0.0737,0.3220,False,True,True,True
leaf_rot,LeafRot1121.jpg,0.1593,0.0746,0.3167,False,True,True,True
leaf_rot,LeafRot1122.jpg,0.1609,0.0718,0.2715,False,True,True,True
leaf_rot,LeafRot1123.jpg,0.0883,0.0484,0.4777,False,True,True,True
leaf_rot,LeafRot1138.jpg,0.0829,0.0437,0.4570,False,True,True,True
leaf_rot,LeafRot1142.jpg,0.0986,0.0487,0.4344,False,True,True,True
leaf_rot,LeafRot1143.jpg,0.1045,0.0519,0.4263,False,True,True,True
leaf_rot,LeafRot1144.jpg,0.1223,0.0532,0.3695,False,True,True,True
leaf_rot,LeafRot1145.jpg,0.1204,0.0566,0.3870,False,True,True,True
leaf_rot,LeafRot1148.jpg,0.0655,0.0298,0.3788,False,True,True,True
leaf_rot,LeafRot1149.jpg,0.0485,0.0277,0.4010,False,True,True,True
leaf_rot,LeafRot1150.jpg,0.0468,0.0292,0.3923,False,True,True,True
leaf_rot,LeafRot1152.jpg,0.0493,0.0333,0.4037,False,True,True,True
leaf_rot,LeafRot1153.jpg,0.0999,0.0606,0.4199,False,True,True,True
leaf_rot,LeafRot1164.jpg,0.0821,0.0475,0.4248,False,True,True,True
leaf_rot,LeafRot1167.jpg,0.0699,0.0393,0.4182,False,True,True,True
leaf_rot,LeafRot1174.jpg,0.0915,0.0353,0.3748,False,True,True,True
leaf_rot,LeafRot1175.jpg,0.0936,0.0350,0.3750,False,True,True,True
leaf_rot,LeafRot1177.jpg,0.0971,0.0381,0.3579,False,True,True,True
leaf_rot,LeafRot1179.jpg,0.0791,0.0284,0.3134,False,True,True,True
leaf_rot,LeafRot1183.jpg,0.1676,0.0815,0.3339,False,True,True,True
leaf_rot,LeafRot1188.jpg,0.1609,0.0794,0.3430,False,True,True,True
leaf_rot,LeafRot119.jpg,0.1697,0.1222,0.1796,False,True,True,True
leaf_rot,LeafRot1193.jpg,0.1740,0.0843,0.3277,False,True,True,True
leaf_rot,LeafRot1195.jpg,0.1775,0.0819,0.3122,False,True,True,True
leaf_rot,LeafRot1196.jpg,0.1830,0.0786,0.2877,False,True,True,True
leaf_rot,LeafRot1198.jpg,0.1686,0.0759,0.2846,False,True,True,True
leaf_rot,LeafRot1199.jpg,0.1569,0.0745,0.2959,False,True,True,True
leaf_rot,LeafRot1206.jpg,0.1064,0.0564,0.3429,False,True,True,True
leaf_rot,LeafRot1207.jpg,0.0804,0.0526,0.3826,False,True,True,True
leaf_rot,LeafRot1208.jpg,0.0711,0.0433,0.3757,False,True,True,True
leaf_rot,LeafRot1209.jpg,0.0698,0.0452,0.3543,False,True,True,True
leaf_rot,LeafRot1210.jpg,0.0695,0.0422,0.3349,False,True,True,True
leaf_rot,LeafRot1211.jpg,0.0665,0.0382,0.3424,False,True,True,True
leaf_rot,LeafRot1213.jpg,0.1701,0.0353,0.0473,False,True,True,True
leaf_rot,LeafRot1218.jpg,0.1530,0.0293,0.0312,False,True,True,True
leaf_rot,LeafRot1219.jpg,0.1481,0.0294,0.0327,False,True,True,True
leaf_rot,LeafRot1220.jpg,0.1483,0.0307,0.0317,False,True,True,True
leaf_rot,LeafRot1221.jpg,0.1372,0.0303,0.0327,False,True,True,True
leaf_rot,LeafRot1222.jpg,0.1377,0.0287,0.0328,False,True,True,True
leaf_rot,LeafRot1223.jpg,0.1323,0.0251,0.0320,False,True,True,True
leaf_rot,LeafRot1224.jpg,0.1335,0.0261,0.0403,False,True,True,True
leaf_rot,LeafRot1225.jpg,0.1428,0.0258,0.0440,False,True,True,True
leaf_rot,LeafRot1226.jpg,0.1448,0.0238,0.0495,False,True,True,True
leaf_rot,LeafRot1227.jpg,0.1457,0.0238,0.0497,False,True,True,True
leaf_rot,LeafRot1228.jpg,0.1436,0.0224,0.0576,False,True,True,True
leaf_rot,LeafRot1229.jpg,0.1603,0.0236,0.0430,False,True,True,True
leaf_rot,LeafRot1230.jpg,0.1641,0.0269,0.0418,False,True,True,True
leaf_rot,LeafRot1231.jpg,0.1615,0.0275,0.0325,False,True,True,True
leaf_rot,LeafRot1232.jpg,0.1634,0.0260,0.0166,False,True,False,True
leaf_rot,LeafRot1233.jpg,0.0775,0.0109,0.0004,False,False,False,False
leaf_rot,LeafRot1234.jpg,0.0811,0.0096,0.0005,False,False,False,False
leaf_rot,LeafRot1235.jpg,0.0893,0.0119,0.0003,False,False,False,False
leaf_rot,LeafRot1236.jpg,0.0940,0.0159,0.0008,False,False,False,False
leaf_rot,LeafRot1237.jpg,0.1044,0.0156,0.0007,False,False,False,False
leaf_rot,LeafRot1238.jpg,0.1022,0.0133,0.0006,False,False,False,False
leaf_rot,LeafRot1239.jpg,0.0883,0.0151,0.0011,False,False,False,False
leaf_rot,LeafRot1240.jpg,0.0730,0.0148,0.0005,False,False,False,False
leaf_rot,LeafRot1241.jpg,0.0552,0.0025,0.0000,False,False,False,False
leaf_rot,LeafRot1242.jpg,0.0471,0.0014,0.0000,False,False,False,False
leaf_rot,LeafRot1243.jpg,0.0468,0.0013,0.0000,False,False,False,False
leaf_rot,LeafRot1244.jpg,0.0921,0.0187,0.0003,False,False,False,False
leaf_rot,LeafRot1245.jpg,0.0867,0.0142,0.0004,False,False,False,False
leaf_rot,LeafRot1246.jpg,0.0902,0.0308,0.0004,False,True,False,True
leaf_rot,LeafRot1247.jpg,0.0924,0.0238,0.0005,False,True,False,True
leaf_rot,LeafRot1248.jpg,0.0820,0.0126,0.0004,False,False,False,False
leaf_rot,LeafRot1249.jpg,0.0897,0.0187,0.0005,False,False,False,False
leaf_rot,LeafRot1250.jpg,0.0969,0.0293,0.0006,False,True,False,True
leaf_rot,LeafRot1251.jpg,0.0984,0.0247,0.0005,False,True,False,True
leaf_rot,LeafRot1252.jpg,0.1048,0.0514,0.0006,False,True,False,True
leaf_rot,LeafRot1253.jpg,0.0903,0.0233,0.0006,False,True,False,True
leaf_rot,LeafRot1254.jpg,0.1039,0.0310,0.0004,False,True,False,True
leaf_rot,LeafRot1255.jpg,0.0838,0.0238,0.0007,False,True,False,True
leaf_rot,LeafRot1256.jpg,0.0759,0.0180,0.0004,False,False,False,False
leaf_rot,LeafRot1258.jpg,0.0540,0.0104,0.0004,False,False,False,False
leaf_rot,LeafRot1259.jpg,0.0964,0.2291,0.2628,False,True,True,True
leaf_rot,LeafRot1261.jpg,0.0929,0.2421,0.2939,False,True,True,True
leaf_rot,LeafRot1262.jpg,0.0921,0.2268,0.2838,False,True,True,True
leaf_rot,LeafRot1263.jpg,0.0911,0.2343,0.3133,False,True,True,True
leaf_rot,LeafRot1264.jpg,0.0941,0.2059,0.3092,False,True,True,True
leaf_rot,LeafRot1265.jpg,0.0911,0.2132,0.3150,False,True,True,True
leaf_rot,LeafRot1266.jpg,0.0913,0.2032,0.3007,False,True,True,True
leaf_rot,LeafRot1267.jpg,0.0905,0.2117,0.2913,False,True,True,True
leaf_rot,LeafRot1268.jpg,0.0847,0.1979,0.3511,False,True,True,True
leaf_rot,LeafRot1269.jpg,0.0832,0.1962,0.3530,False,True,True,True
leaf_rot,LeafRot1270.jpg,0.0783,0.1913,0.3495,False,True,True,True
leaf_rot,LeafRot1272.jpg,0.0750,0.1869,0.4009,False,True,True,True
leaf_rot,LeafRot1273.jpg,0.0740,0.1607,0.3761,False,True,True,True
leaf_rot,LeafRot1278.jpg,0.0689,0.1652,0.4691,False,True,True,True
leaf_rot,LeafRot1279.jpg,0.0899,0.2024,0.4139,False,True,True,True
leaf_rot,LeafRot128.jpg,0.1248,0.0811,0.1446,False,True,True,True
leaf_rot,LeafRot1280.jpg,0.1145,0.2207,0.3396,False,True,True,True
leaf_rot,LeafRot1281.jpg,0.1265,0.2291,0.2003,False,True,True,True
leaf_rot,LeafRot1282.jpg,0.1383,0.2395,0.2065,False,True,True,True
leaf_rot,LeafRot1283.jpg,0.1456,0.2652,0.2221,False,True,True,True
leaf_rot,LeafRot1284.jpg,0.1708,0.2676,0.1138,False,True,True,True
leaf_rot,LeafRot1285.jpg,0.1904,0.2848,0.0514,False,True,True,True
leaf_rot,LeafRot1287.jpg,0.1950,0.2166,0.0307,False,True,True,True
leaf_rot,LeafRot1288.jpg,0.1759,0.1671,0.0204,False,True,False,True
leaf_rot,LeafRot1289.jpg,0.2016,0.1185,0.0510,False,True,True,True
leaf_rot,LeafRot129.jpg,0.1200,0.0834,0.1367,False,True,True,True
leaf_rot,LeafRot1292.jpg,0.2003,0.1288,0.0610,False,True,True,True
leaf_rot,LeafRot1293.jpg,0.2312,0.1483,0.0501,False,True,True,True
leaf_rot,LeafRot1294.jpg,0.2172,0.1222,0.0426,False,True,True,True
leaf_rot,LeafRot1295.jpg,0.2143,0.1277,0.0404,False,True,True,True
leaf_rot,LeafRot1296.jpg,0.2091,0.1363,0.0405,False,True,True,True
leaf_rot,LeafRot1297.jpg,0.2093,0.1310,0.0472,False,True,True,True
leaf_rot,LeafRot1298.jpg,0.2085,0.1473,0.0512,False,True,True,True
leaf_rot,LeafRot1299.jpg,0.2075,0.1707,0.0499,False,True,True,True
leaf_rot,LeafRot130.jpg,0.1138,0.0667,0.1109,False,True,True,True
leaf_rot,LeafRot1300.jpg,0.1983,0.1821,0.0393,False,True,True,True
leaf_rot,LeafRot1301.jpg,0.1867,0.2203,0.0508,False,True,True,True
leaf_rot,LeafRot1302.jpg,0.1745,0.2659,0.0843,False,True,True,True
leaf_rot,LeafRot1304.jpg,0.1949,0.2892,0.1139,False,True,True,True
leaf_rot,LeafRot1305.jpg,0.1951,0.2697,0.1380,False,True,True,True
leaf_rot,LeafRot1307.jpg,0.1922,0.2465,0.1522,False,True,True,True
leaf_rot,LeafRot1308.jpg,0.1921,0.2489,0.1628,False,True,True,True
leaf_rot,LeafRot1309.jpg,0.1782,0.2584,0.2233,False,True,True,True
leaf_rot,LeafRot1310.jpg,0.1680,0.2604,0.2737,False,True,True,True
leaf_rot,LeafRot1311.jpg,0.1690,0.2525,0.2624,False,True,True,True
leaf_rot,LeafRot1313.jpg,0.1741,0.2305,0.2631,False,True,True,True
leaf_rot,LeafRot1314.jpg,0.1793,0.2341,0.2478,False,True,True,True
leaf_rot,LeafRot1315.jpg,0.1770,0.2417,0.2383,False,True,True,True
leaf_rot,LeafRot1316.jpg,0.1675,0.2431,0.2443,False,True,True,True
leaf_rot,LeafRot1317.jpg,0.1502,0.2437,0.2465,False,True,True,True
leaf_rot,LeafRot1318.jpg,0.1256,0.2506,0.2454,False,True,True,True
leaf_rot,LeafRot1319.jpg,0.1818,0.2545,0.2379,False,True,True,True
leaf_rot,LeafRot132.jpg,0.1300,0.0294,0.0831,False,True,True,True
leaf_rot,LeafRot1324.jpg,0.1933,0.2520,0.2169,False,True,True,True
leaf_rot,LeafRot1327.jpg,0.1977,0.2508,0.1905,False,True,True,True
leaf_rot,LeafRot1328.jpg,0.1867,0.2645,0.1880,False,True,True,True
leaf_rot,LeafRot1329.jpg,0.1771,0.2713,0.2064,False,True,True,True
leaf_rot,LeafRot133.jpg,0.1386,0.0255,0.0838,False,True,True,True
leaf_rot,LeafRot1335.jpg,0.1768,0.2612,0.2187,False,True,True,True
leaf_rot,LeafRot1338.jpg,0.1798,0.2466,0.2256,False,True,True,True
leaf_rot,LeafRot1339.jpg,0.1873,0.2371,0.2171,False,True,True,True
leaf_rot,LeafRot134.jpg,0.1400,0.0243,0.0769,False,True,True,True
leaf_rot,LeafRot1340.jpg,0.1780,0.2277,0.1955,False,True,True,True
leaf_rot,LeafRot1342.jpg,0.0792,0.0171,0.3933,False,False,True,True
leaf_rot,LeafRot1343.jpg,0.0791,0.0160,0.3869,False,False,True,True
leaf_rot,LeafRot135.jpg,0.1363,0.0228,0.0768,False,True,True,True
leaf_rot,LeafRot1353.jpg,0.0832,0.0266,0.3982,False,True,True,True
leaf_rot,LeafRot1358.jpg,0.0731,0.0166,0.3419,False,False,True,True
leaf_rot,LeafRot1359.jpg,0.0712,0.0165,0.3478,False,False,True,True
leaf_rot,LeafRot136.jpg,0.1339,0.0223,0.0912,False,True,True,True
leaf_rot,LeafRot1362.jpg,0.0908,0.0247,0.3769,False,True,True,True
leaf_rot,LeafRot1363.jpg,0.1196,0.0276,0.2343,False,True,True,True
leaf_rot,LeafRot1364.jpg,0.1450,0.0262,0.0982,False,True,True,True
leaf_rot,LeafRot1365.jpg,0.1745,0.0348,0.0852,False,True,True,True
leaf_rot,LeafRot1366.jpg,0.1843,0.0377,0.1014,False,True,True,True
leaf_rot,LeafRot1368.jpg,0.1500,0.0324,0.2029,False,True,True,True
leaf_rot,LeafRot1369.jpg,0.1417,0.0314,0.2239,False,True,True,True
leaf_rot,LeafRot137.jpg,0.1306,0.0224,0.1024,False,True,True,True
leaf_rot,LeafRot1370.jpg,0.1304,0.0270,0.2283,False,True,True,True
leaf_rot,LeafRot1371.jpg,0.1081,0.0239,0.2918,False,True,True,True
leaf_rot,LeafRot1372.jpg,0.1667,0.0885,0.1752,False,True,True,True
leaf_rot,LeafRot1379.jpg,0.1263,0.0458,0.1629,False,True,True,True
leaf_rot,LeafRot1382.jpg,0.1060,0.0344,0.1986,False,True,True,True
leaf_rot,LeafRot1383.jpg,0.1005,0.0316,0.1918,False,True,True,True
leaf_rot,LeafRot1384.jpg,0.1061,0.0306,0.1723,False,True,True,True
leaf_rot,LeafRot1386.jpg,0.1123,0.0239,0.1362,False,True,True,True
leaf_rot,LeafRot1388.jpg,0.1048,0.0198,0.1508,False,False,True,True
leaf_rot,LeafRot139.jpg,0.0975,0.0192,0.1815,False,False,True,True
leaf_rot,LeafRot1390.jpg,0.1162,0.0217,0.1773,False,True,True,True
leaf_rot,LeafRot1391.jpg,0.1311,0.0224,0.1464,False,True,True,True
leaf_rot,LeafRot1392.jpg,0.1457,0.0227,0.1286,False,True,True,True
leaf_rot,LeafRot1393.jpg,0.1563,0.0219,0.1257,False,True,True,True
leaf_rot,LeafRot1395.jpg,0.1683,0.0187,0.1344,False,False,True,True
leaf_rot,LeafRot1396.jpg,0.1668,0.0183,0.1400,False,False,True,True
leaf_rot,LeafRot1398.jpg,0.1394,0.0142,0.1536,False,False,True,True
leaf_rot,LeafRot1399.jpg,0.1247,0.0118,0.1713,False,False,True,True
leaf_rot,LeafRot140.jpg,0.1042,0.0206,0.2310,False,True,True,True
leaf_rot,LeafRot1401.jpg,0.0728,0.0196,0.0017,False,False,False,False
leaf_rot,LeafRot1409.jpg,0.0689,0.0249,0.0016,False,True,False,True
leaf_rot,LeafRot1410.jpg,0.0655,0.0250,0.0026,False,True,False,True
leaf_rot,LeafRot1411.jpg,0.0715,0.0326,0.0026,False,True,False,True
leaf_rot,LeafRot1413.jpg,0.0629,0.0241,0.0026,False,True,False,True
leaf_rot,LeafRot1415.jpg,0.0677,0.0299,0.0025,False,True,False,True
leaf_rot,LeafRot1416.jpg,0.0646,0.0272,0.0024,False,True,False,True
leaf_rot,LeafRot1421.jpg,0.0663,0.0261,0.0025,False,True,False,True
leaf_rot,LeafRot1424.jpg,0.0664,0.0253,0.0024,False,True,False,True
leaf_rot,LeafRot1426.jpg,0.0632,0.0223,0.0028,False,True,False,True
leaf_rot,LeafRot1427.jpg,0.0619,0.0227,0.0029,False,True,False,True
leaf_rot,LeafRot1429.jpg,0.0685,0.0289,0.0032,False,True,False,True
leaf_rot,LeafRot143.jpg,0.1040,0.0203,0.2146,False,True,True,True
leaf_rot,LeafRot1431.jpg,0.1278,0.1144,0.3246,False,True,True,True
leaf_rot,LeafRot1432.jpg,0.1189,0.0884,0.3360,False,True,True,True
leaf_rot,LeafRot1433.jpg,0.1185,0.0648,0.3161,False,True,True,True
leaf_rot,LeafRot1434.jpg,0.1148,0.0502,0.3024,False,True,True,True
leaf_rot,LeafRot1435.jpg,0.1172,0.0616,0.3050,False,True,True,True
leaf_rot,LeafRot1436.jpg,0.1139,0.0580,0.3155,False,True,True,True
leaf_rot,LeafRot1437.jpg,0.1196,0.0740,0.3278,False,True,True,True
leaf_rot,LeafRot1438.jpg,0.1336,0.0701,0.3157,False,True,True,True
leaf_rot,LeafRot1439.jpg,0.1306,0.0483,0.2965,False,True,True,True
leaf_rot,LeafRot1440.jpg,0.1439,0.0531,0.2447,False,True,True,True
leaf_rot,LeafRot1441.jpg,0.1404,0.0522,0.2312,False,True,True,True
leaf_rot,LeafRot1442.jpg,0.1339,0.0481,0.2172,False,True,True,True
leaf_rot,LeafRot1443.jpg,0.1200,0.0375,0.2195,False,True,True,True
leaf_rot,LeafRot1444.jpg,0.1131,0.0366,0.2564,False,True,True,True
leaf_rot,LeafRot1445.jpg,0.1063,0.0328,0.2746,False,True,True,True
leaf_rot,LeafRot1446.jpg,0.0979,0.0347,0.2630,False,True,True,True
leaf_rot,LeafRot1447.jpg,0.0900,0.0298,0.3006,False,True,True,True
leaf_rot,LeafRot1449.jpg,0.1094,0.0305,0.3046,False,True,True,True
leaf_rot,LeafRot1450.jpg,0.1212,0.0318,0.2512,False,True,True,True
leaf_rot,LeafRot1451.jpg,0.1189,0.0370,0.2471,False,True,True,True
leaf_rot,LeafRot1452.jpg,0.1276,0.1805,0.0281,False,True,True,True
leaf_rot,LeafRot1454.jpg,0.1361,0.1873,0.0257,False,True,False,True
leaf_rot,LeafRot1456.jpg,0.1408,0.1904,0.0318,False,True,True,True
leaf_rot,LeafRot1460.jpg,0.1427,0.1926,0.0296,False,True,True,True
leaf_rot,LeafRot1461.jpg,0.1399,0.1955,0.0296,False,True,True,True
leaf_rot,LeafRot1462.jpg,0.1487,0.2147,0.0285,False,True,True,True
leaf_rot,LeafRot1463.jpg,0.1527,0.2499,0.0374,False,True,True,True
leaf_rot,LeafRot1464.jpg,0.1466,0.2592,0.0436,False,True,True,True
leaf_rot,LeafRot1467.jpg,0.1218,0.2324,0.0435,False,True,True,True
leaf_rot,LeafRot1468.jpg,0.1319,0.2334,0.0450,False,True,True,True
leaf_rot,LeafRot1469.jpg,0.1362,0.2138,0.0462,False,True,True,True
leaf_rot,LeafRot1473.jpg,0.1349,0.1650,0.0296,False,True,True,True
leaf_rot,LeafRot1474.jpg,0.1652,0.1928,0.0624,False,True,True,True
leaf_rot,LeafRot1477.jpg,0.1514,0.1924,0.0616,False,True,True,True
leaf_rot,LeafRot1478.jpg,0.1549,0.2070,0.0806,False,True,True,True
leaf_rot,LeafRot1479.jpg,0.1479,0.2665,0.1514,False,True,True,True
leaf_rot,LeafRot148.jpg,0.0968,0.0254,0.2066,False,True,True,True
leaf_rot,LeafRot1480.jpg,0.1510,0.2580,0.1071,False,True,True,True
leaf_rot,LeafRot1481.jpg,0.1610,0.2754,0.0771,False,True,True,True
leaf_rot,LeafRot1482.jpg,0.1635,0.2892,0.1084,False,True,True,True
leaf_rot,LeafRot1483.jpg,0.1425,0.2919,0.0978,False,True,True,True
leaf_rot,LeafRot1484.jpg,0.1476,0.2612,0.0702,False,True,True,True
leaf_rot,LeafRot1485.jpg,0.2925,0.2834,0.0762,True,True,True,True
leaf_rot,LeafRot1486.jpg,0.3074,0.2786,0.0716,True,True,True,True
leaf_rot,LeafRot1488.jpg,0.3041,0.2864,0.0713,True,True,True,True
leaf_rot,LeafRot1489.jpg,0.3289,0.2693,0.0732,True,True,True,True
leaf_rot,LeafRot149.jpg,0.1005,0.0294,0.1987,False,True,True,True
leaf_rot,LeafRot1490.jpg,0.3081,0.2931,0.0839,True,True,True,True
leaf_rot,LeafRot1491.jpg,0.2952,0.3287,0.0825,True,True,True,True
leaf_rot,LeafRot1492.jpg,0.3078,0.3119,0.0833,True,True,True,True
leaf_rot,LeafRot1493.jpg,0.2942,0.3463,0.0835,True,True,True,True
leaf_rot,LeafRot1495.jpg,0.2832,0.3273,0.0683,True,True,True,True
leaf_rot,LeafRot1496.jpg,0.2557,0.3663,0.0701,True,True,True,True
leaf_rot,LeafRot1497.jpg,0.2581,0.3319,0.0554,True,True,True,True
leaf_rot,LeafRot1499.jpg,0.2551,0.3116,0.0488,True,True,True,True
leaf_rot,LeafRot1500.jpg,0.2671,0.3357,0.0590,True,True,True,True
leaf_rot,LeafRot1501.jpg,0.2650,0.3291,0.0587,True,True,True,True
leaf_rot,LeafRot1502.jpg,0.2758,0.3283,0.0596,True,True,True,True
leaf_rot,LeafRot1503.jpg,0.2691,0.3341,0.0599,True,True,True,True
leaf_rot,LeafRot1504.jpg,0.1014,0.0455,0.0052,False,True,False,True
leaf_rot,LeafRot1505.jpg,0.1076,0.0491,0.0055,False,True,False,True
leaf_rot,LeafRot1506.jpg,0.1081,0.0462,0.0063,False,True,False,True
leaf_rot,LeafRot1508.jpg,0.1247,0.0723,0.0078,False,True,False,True
leaf_rot,LeafRot1509.jpg,0.1319,0.0815,0.0080,False,True,False,True
leaf_rot,LeafRot1510.jpg,0.1350,0.0923,0.0067,False,True,False,True
leaf_rot,LeafRot1511.jpg,0.1247,0.0798,0.0060,False,True,False,True
leaf_rot,LeafRot1512.jpg,0.1193,0.0748,0.0063,False,True,False,True
leaf_rot,LeafRot1513.jpg,0.1227,0.0767,0.0073,False,True,False,True
leaf_rot,LeafRot1514.jpg,0.1225,0.0825,0.0087,False,True,False,True
leaf_rot,LeafRot1515.jpg,0.1198,0.0903,0.0099,False,True,False,True
leaf_rot,LeafRot1516.jpg,0.1232,0.0910,0.0085,False,True,False,True
leaf_rot,LeafRot1517.jpg,0.1182,0.0941,0.0082,False,True,False,True
leaf_rot,LeafRot1518.jpg,0.1165,0.1011,0.0088,False,True,False,True
leaf_rot,LeafRot1519.jpg,0.1247,0.0968,0.0085,False,True,False,True
leaf_rot,LeafRot1520.jpg,0.1149,0.0867,0.0055,False,True,False,True
leaf_rot,LeafRot1521.jpg,0.1031,0.0626,0.0048,False,True,False,True
leaf_rot,LeafRot1522.jpg,0.0921,0.0511,0.0053,False,True,False,True
leaf_rot,LeafRot1523.jpg,0.0938,0.0541,0.0065,False,True,False,True
leaf_rot,LeafRot1524.jpg,0.0871,0.0366,0.0087,False,True,False,True
leaf_rot,LeafRot1525.jpg,0.0858,0.0360,0.0080,False,True,False,True
leaf_rot,LeafRot1526.jpg,0.0787,0.0395,0.0090,False,True,False,True
leaf_rot,LeafRot1527.jpg,0.0774,0.0518,0.0098,False,True,False,True
leaf_rot,LeafRot1528.jpg,0.0862,0.0655,0.0088,False,True,False,True
leaf_rot,LeafRot1529.jpg,0.0899,0.0811,0.0091,False,True,False,True
leaf_rot,LeafRot153.jpg,0.1021,0.0287,0.1910,False,True,True,True
leaf_rot,LeafRot1530.jpg,0.1811,0.1008,0.0138,False,True,False,True
leaf_rot,LeafRot1532.jpg,0.1875,0.1481,0.0257,False,True,False,True
leaf_rot,LeafRot1533.jpg,0.1806,0.1510,0.0283,False,True,True,True
leaf_rot,LeafRot1534.jpg,0.1851,0.1441,0.0236,False,True,False,True
leaf_rot,LeafRot1535.jpg,0.1753,0.1172,0.0186,False,True,False,True
leaf_rot,LeafRot1536.jpg,0.1725,0.1226,0.0154,False,True,False,True
leaf_rot,LeafRot1537.jpg,0.1751,0.1417,0.0277,False,True,True,True
leaf_rot,LeafRot1538.jpg,0.1716,0.1640,0.0414,False,True,True,True
leaf_rot,LeafRot1539.jpg,0.1766,0.2199,0.0484,False,True,True,True
leaf_rot,LeafRot1540.jpg,0.1698,0.2285,0.0449,False,True,True,True
leaf_rot,LeafRot1541.jpg,0.1681,0.2217,0.0468,False,True,True,True
leaf_rot,LeafRot1542.jpg,0.1741,0.2174,0.0417,False,True,True,True
leaf_rot,LeafRot1543.jpg,0.1653,0.2058,0.0382,False,True,True,True
leaf_rot,LeafRot1544.jpg,0.1574,0.2243,0.0466,False,True,True,True
leaf_rot,LeafRot1545.jpg,0.1511,0.2336,0.0489,False,True,True,True
leaf_rot,LeafRot1546.jpg,0.1422,0.2852,0.0666,False,True,True,True
leaf_rot,LeafRot1547.jpg,0.1512,0.3172,0.0675,False,True,True,True
leaf_rot,LeafRot1548.jpg,0.1561,0.3311,0.0598,False,True,True,True
leaf_rot,LeafRot1549.jpg,0.1679,0.3642,0.0502,False,True,True,True
leaf_rot,LeafRot155.jpg,0.0954,0.0209,0.1561,False,True,True,True
leaf_rot,LeafRot1550.jpg,0.1666,0.3292,0.0409,False,True,True,True
leaf_rot,LeafRot1551.jpg,0.1838,0.3111,0.0351,False,True,True,True
leaf_rot,LeafRot1552.jpg,0.1972,0.2602,0.0230,False,True,False,True
leaf_rot,LeafRot1553.jpg,0.1977,0.2150,0.0139,False,True,False,True
leaf_rot,LeafRot1554.jpg,0.2025,0.1703,0.0086,False,True,False,True
leaf_rot,LeafRot1556.jpg,0.1881,0.1119,0.0047,False,True,False,True
leaf_rot,LeafRot1557.jpg,0.1457,0.0846,0.0034,False,True,False,True
leaf_rot,LeafRot1558.jpg,0.1417,0.0731,0.0035,False,True,False,True
leaf_rot,LeafRot1559.jpg,0.1476,0.0720,0.0033,False,True,False,True
leaf_rot,LeafRot156.jpg,0.0945,0.0198,0.1642,False,False,True,True
leaf_rot,LeafRot1560.jpg,0.1780,0.0815,0.0041,False,True,False,True
leaf_rot,LeafRot1566.jpg,0.2034,0.1007,0.0145,False,True,False,True
leaf_rot,LeafRot1567.jpg,0.1827,0.0973,0.0178,False,True,False,True
leaf_rot,LeafRot1568.jpg,0.1811,0.1021,0.0218,False,True,False,True
leaf_rot,LeafRot1569.jpg,0.1681,0.1197,0.0334,False,True,True,True
leaf_rot,LeafRot157.jpg,0.0884,0.0180,0.1827,False,False,True,True
leaf_rot,LeafRot1571.jpg,0.1695,0.1655,0.0566,False,True,True,True
leaf_rot,LeafRot1572.jpg,0.1681,0.1627,0.0543,False,True,True,True
leaf_rot,LeafRot1573.jpg,0.1738,0.1601,0.0489,False,True,True,True
leaf_rot,LeafRot1574.jpg,0.1644,0.1545,0.0413,False,True,True,True
leaf_rot,LeafRot1575.jpg,0.1706,0.1951,0.0456,False,True,True,True
leaf_rot,LeafRot1576.jpg,0.1609,0.2183,0.0439,False,True,True,True
leaf_rot,LeafRot1577.jpg,0.1681,0.1997,0.0362,False,True,True,True
leaf_rot,LeafRot1578.jpg,0.1702,0.1690,0.0251,False,True,False,True
leaf_rot,LeafRot1579.jpg,0.2070,0.1514,0.0248,False,True,False,True
leaf_rot,LeafRot1580.jpg,0.2109,0.1215,0.0175,False,True,False,True
leaf_rot,LeafRot1581.jpg,0.1941,0.1065,0.0110,False,True,False,True
leaf_rot,LeafRot1582.jpg,0.1949,0.1041,0.0070,False,True,False,True
leaf_rot,LeafRot1583.jpg,0.1930,0.0987,0.0056,False,True,False,True
leaf_rot,LeafRot1584.jpg,0.1986,0.1053,0.0060,False,True,False,True
leaf_rot,LeafRot1585.jpg,0.2142,0.0978,0.0050,False,True,False,True
leaf_rot,LeafRot1586.jpg,0.1956,0.1060,0.0048,False,True,False,True
leaf_rot,LeafRot1587.jpg,0.1570,0.0872,0.0052,False,True,False,True
leaf_rot,LeafRot1588.jpg,0.1675,0.0767,0.0038,False,True,False,True
leaf_rot,LeafRot1589.jpg,0.1075,0.0463,0.0026,False,True,False,True
leaf_rot,LeafRot1590.jpg,0.2533,0.1535,0.0084,True,True,False,True
leaf_rot,LeafRot1599.jpg,0.2899,0.1144,0.0139,True,True,False,True
leaf_rot,LeafRot1600.jpg,0.3017,0.1251,0.0171,True,True,False,True
leaf_rot,LeafRot1601.jpg,0.3097,0.1480,0.0212,True,True,False,True
leaf_rot,LeafRot1602.jpg,0.3333,0.1441,0.0285,True,True,True,True
leaf_rot,LeafRot1603.jpg,0.3370,0.1479,0.0247,True,True,False,True
leaf_rot,LeafRot1606.jpg,0.3122,0.1520,0.0189,True,True,False,True
leaf_rot,LeafRot1607.jpg,0.2967,0.1364,0.0135,True,True,False,True
leaf_rot,LeafRot1608.jpg,0.2845,0.1226,0.0139,True,True,False,True
leaf_rot,LeafRot1610.jpg,0.3344,0.0984,0.0133,True,True,False,True
leaf_rot,LeafRot1611.jpg,0.3570,0.0871,0.0148,True,True,False,True
leaf_rot,LeafRot1612.jpg,0.3768,0.0973,0.0170,True,True,False,True
leaf_rot,LeafRot1613.jpg,0.3770,0.1177,0.0213,True,True,False,True
leaf_rot,LeafRot1614.jpg,0.3520,0.1451,0.0202,True,True,False,True
leaf_rot,LeafRot1615.jpg,0.3244,0.1526,0.0200,True,True,False,True
leaf_rot,LeafRot1616.jpg,0.3247,0.1645,0.0196,True,True,False,True
leaf_rot,LeafRot1617.jpg,0.2233,0.3080,0.0231,False,True,False,True
leaf_rot,LeafRot1618.jpg,0.2323,0.2973,0.0226,False,True,False,True
leaf_rot,LeafRot162.jpg,0.0629,0.0139,0.2279,False,False,True,True
leaf_rot,LeafRot1620.jpg,0.2584,0.2966,0.0263,True,True,True,True
leaf_rot,LeafRot1621.jpg,0.2652,0.2919,0.0332,True,True,True,True
leaf_rot,LeafRot1622.jpg,0.2738,0.2840,0.0383,True,True,True,True
leaf_rot,LeafRot1623.jpg,0.2861,0.2616,0.0430,True,True,True,True
leaf_rot,LeafRot1624.jpg,0.3323,0.2370,0.0493,True,True,True,True
leaf_rot,LeafRot1625.jpg,0.3451,0.2472,0.0682,True,True,True,True
leaf_rot,LeafRot1630.jpg,0.3143,0.3089,0.0572,True,True,True,True
leaf_rot,LeafRot1631.jpg,0.2905,0.3325,0.0667,True,True,True,True
leaf_rot,LeafRot1632.jpg,0.2825,0.3293,0.0598,True,True,True,True
leaf_rot,LeafRot1633.jpg,0.2562,0.3434,0.0534,True,True,True,True
leaf_rot,LeafRot1634.jpg,0.1968,0.2264,0.0160,False,True,False,True
leaf_rot,LeafRot164.jpg,0.0633,0.0116,0.2367,False,False,True,True
leaf_rot,LeafRot1640.jpg,0.1919,0.2012,0.0164,False,True,False,True
leaf_rot,LeafRot1641.jpg,0.2058,0.2250,0.0161,False,True,False,True
leaf_rot,LeafRot1642.jpg,0.2407,0.1912,0.0140,False,True,False,True
leaf_rot,LeafRot1643.jpg,0.2868,0.1872,0.0202,True,True,False,True
leaf_rot,LeafRot1644.jpg,0.3212,0.1706,0.0221,True,True,False,True
leaf_rot,LeafRot1645.jpg,0.1815,0.0153,0.0050,False,False,False,False
leaf_rot,LeafRot1649.jpg,0.1755,0.0139,0.0062,False,False,False,False
leaf_rot,LeafRot165.jpg,0.0647,0.0112,0.2511,False,False,True,True
leaf_rot,LeafRot1656.jpg,0.2409,0.0239,0.0071,False,True,False,True
leaf_rot,LeafRot1657.jpg,0.2494,0.0179,0.0059,False,False,False,False
leaf_rot,LeafRot1658.jpg,0.2490,0.0212,0.0057,False,True,False,True
leaf_rot,LeafRot1659.jpg,0.2494,0.0223,0.0057,False,True,False,True
leaf_rot,LeafRot166.jpg,0.0603,0.0091,0.2908,False,False,True,True
leaf_rot,LeafRot1660.jpg,0.2450,0.0189,0.0048,False,False,False,False
leaf_rot,LeafRot1661.jpg,0.2249,0.0139,0.0040,False,False,False,False
leaf_rot,LeafRot1664.jpg,0.2139,0.0128,0.0033,False,False,False,False
leaf_rot,LeafRot1666.jpg,0.2166,0.0157,0.0039,False,False,False,False
leaf_rot,LeafRot1667.jpg,0.2421,0.0182,0.0042,False,False,False,False
leaf_rot,LeafRot167.jpg,0.0579,0.0063,0.3044,False,False,True,True
leaf_rot,LeafRot1670.jpg,0.2335,0.0200,0.0044,False,False,False,False
leaf_rot,LeafRot1671.jpg,0.2568,0.0187,0.0028,True,False,False,True
leaf_rot,LeafRot1672.jpg,0.2644,0.0214,0.0054,True,True,False,True
leaf_rot,LeafRot1673.jpg,0.2831,0.0286,0.0094,True,True,False,True
leaf_rot,LeafRot168.jpg,0.0503,0.0040,0.3457,False,False,True,True
leaf_rot,LeafRot169.jpg,0.0383,0.0069,0.2871,False,False,True,True
leaf_rot,LeafRot174.jpg,0.0488,0.0113,0.2311,False,False,True,True
leaf_rot,LeafRot176.jpg,0.0526,0.0127,0.2218,False,False,True,True
leaf_rot,LeafRot177.jpg,0.0564,0.0132,0.2053,False,False,True,True
leaf_rot,LeafRot187.jpg,0.0737,0.0120,0.2094,False,False,True,True
leaf_rot,LeafRot188.jpg,0.0803,0.0128,0.2219,False,False,True,True
leaf_rot,LeafRot189.jpg,0.0826,0.0116,0.2302,False,False,True,True
leaf_rot,LeafRot190.jpg,0.0775,0.0121,0.2514,False,False,True,True
leaf_rot,LeafRot191.jpg,0.0733,0.0111,0.2865,False,False,True,True
leaf_rot,LeafRot192.jpg,0.0677,0.0085,0.3154,False,False,True,True
leaf_rot,LeafRot193.jpg,0.0661,0.0083,0.3710,False,False,True,True
leaf_rot,LeafRot197.jpg,0.0754,0.0080,0.3439,False,False,True,True
leaf_rot,LeafRot198.jpg,0.0691,0.0095,0.3431,False,False,True,True
leaf_rot,LeafRot199.jpg,0.1066,0.0370,0.0786,False,True,True,True
leaf_rot,LeafRot206.jpg,0.1282,0.0405,0.0782,False,True,True,True
leaf_rot,LeafRot207.jpg,0.1303,0.0429,0.0656,False,True,True,True
leaf_rot,LeafRot208.jpg,0.1287,0.0435,0.0521,False,True,True,True
leaf_rot,LeafRot209.jpg,0.1356,0.0502,0.0658,False,True,True,True
leaf_rot,LeafRot210.jpg,0.1300,0.0459,0.0654,False,True,True,True
leaf_rot,LeafRot211.jpg,0.1231,0.0383,0.0691,False,True,True,True
leaf_rot,LeafRot212.jpg,0.1152,0.0286,0.0573,False,True,True,True
leaf_rot,LeafRot213.jpg,0.1014,0.0213,0.0401,False,True,True,True
leaf_rot,LeafRot214.jpg,0.0877,0.0156,0.0325,False,False,True,True
leaf_rot,LeafRot215.jpg,0.0956,0.0204,0.0334,False,True,True,True
leaf_rot,LeafRot216.jpg,0.0978,0.0180,0.0287,False,False,True,True
leaf_rot,LeafRot217.jpg,0.0971,0.0238,0.0241,False,True,False,True
leaf_rot,LeafRot218.jpg,0.0725,0.0203,0.0336,False,True,True,True
leaf_rot,LeafRot219.jpg,0.0632,0.0154,0.0405,False,False,True,True
leaf_rot,LeafRot220.jpg,0.0525,0.0168,0.0368,False,False,True,True
leaf_rot,LeafRot221.jpg,0.0554,0.0209,0.0402,False,True,True,True
leaf_rot,LeafRot222.jpg,0.0510,0.0248,0.0403,False,True,True,True
leaf_rot,LeafRot223.jpg,0.0579,0.0207,0.0332,False,True,True,True
leaf_rot,LeafRot224.jpg,0.0552,0.0179,0.0306,False,False,True,True
leaf_rot,LeafRot225.jpg,0.0541,0.0167,0.0210,False,False,False,False
leaf_rot,LeafRot226.jpg,0.0518,0.0171,0.0222,False,False,False,False
leaf_rot,LeafRot227.jpg,0.0436,0.0151,0.0249,False,False,False,False
leaf_rot,LeafRot228.jpg,0.0449,0.0172,0.0234,False,False,False,False
leaf_rot,LeafRot229.jpg,0.0727,0.0130,0.0426,False,False,True,True
leaf_rot,LeafRot230.jpg,0.0864,0.0184,0.0482,False,False,True,True
leaf_rot,LeafRot231.jpg,0.0981,0.0160,0.0540,False,False,True,True
leaf_rot,LeafRot232.jpg,0.0970,0.0154,0.0561,False,False,True,True
leaf_rot,LeafRot233.jpg,0.0997,0.0149,0.0503,False,False,True,True
leaf_rot,LeafRot234.jpg,0.1061,0.0151,0.0531,False,False,True,True
leaf_rot,LeafRot235.jpg,0.1049,0.0132,0.0601,False,False,True,True
leaf_rot,LeafRot236.jpg,0.1047,0.0125,0.0567,False,False,True,True
leaf_rot,LeafRot237.jpg,0.1027,0.0123,0.0568,False,False,True,True
leaf_rot,LeafRot238.jpg,0.1090,0.0112,0.0468,False,False,True,True
leaf_rot,LeafRot239.jpg,0.1125,0.0131,0.0415,False,False,True,True
leaf_rot,LeafRot240.jpg,0.1216,0.0136,0.0369,False,False,True,True
leaf_rot,LeafRot241.jpg,0.1194,0.0100,0.0315,False,False,True,True
leaf_rot,LeafRot242.jpg,0.1000,0.0101,0.0301,False,False,True,True
leaf_rot,LeafRot243.jpg,0.0957,0.0111,0.0304,False,False,True,True
leaf_rot,LeafRot244.jpg,0.0936,0.0110,0.0345,False,False,True,True
leaf_rot,LeafRot245.jpg,0.1011,0.0151,0.0298,False,False,True,True
leaf_rot,LeafRot246.jpg,0.0894,0.0117,0.0311,False,False,True,True
leaf_rot,LeafRot247.jpg,0.0877,0.0114,0.0259,False,False,True,True
leaf_rot,LeafRot248.jpg,0.0749,0.0111,0.0295,False,False,True,True
leaf_rot,LeafRot249.jpg,0.0679,0.0104,0.0280,False,False,True,True
leaf_rot,LeafRot250.jpg,0.0630,0.0116,0.0276,False,False,True,True
leaf_rot,LeafRot251.jpg,0.0550,0.0116,0.0238,False,False,False,False
leaf_rot,LeafRot253.jpg,0.1495,0.0509,0.0436,False,True,True,True
leaf_rot,LeafRot254.jpg,0.0921,0.0438,0.0396,False,True,True,True
leaf_rot,LeafRot260.jpg,0.0830,0.0316,0.0148,False,True,False,True
leaf_rot,LeafRot261.jpg,0.0885,0.0319,0.0115,False,True,False,True
leaf_rot,LeafRot262.jpg,0.0956,0.0278,0.0055,False,True,False,True
leaf_rot,LeafRot263.jpg,0.0890,0.0215,0.0055,False,True,False,True
leaf_rot,LeafRot267.jpg,0.1024,0.0355,0.0466,False,True,True,True
leaf_rot,LeafRot268.jpg,0.1002,0.0361,0.0378,False,True,True,True
leaf_rot,LeafRot269.jpg,0.0913,0.0328,0.0326,False,True,True,True
leaf_rot,LeafRot270.jpg,0.0889,0.0325,0.0306,False,True,True,True
leaf_rot,LeafRot271.jpg,0.0982,0.0449,0.0241,False,True,False,True
leaf_rot,LeafRot272.jpg,0.0986,0.0419,0.0148,False,True,False,True
leaf_rot,LeafRot273.jpg,0.0944,0.0408,0.0232,False,True,False,True
leaf_rot,LeafRot274.jpg,0.0766,0.0311,0.0159,False,True,False,True
leaf_rot,LeafRot275.jpg,0.0764,0.0275,0.0127,False,True,False,True
leaf_rot,LeafRot277.jpg,0.0788,0.0285,0.0097,False,True,False,True
leaf_rot,LeafRot278.jpg,0.0859,0.0237,0.0074,False,True,False,True
leaf_rot,LeafRot279.jpg,0.0752,0.0208,0.0064,False,True,False,True
leaf_rot,LeafRot280.jpg,0.0846,0.0256,0.0036,False,True,False,True
leaf_rot,LeafRot281.jpg,0.0818,0.0293,0.0068,False,True,False,True
leaf_rot,LeafRot282.jpg,0.0780,0.0308,0.0075,False,True,False,True
leaf_rot,LeafRot283.jpg,0.0817,0.0364,0.0073,False,True,False,True
leaf_rot,LeafRot284.jpg,0.1189,0.0540,0.0432,False,True,True,True
leaf_rot,LeafRot285.jpg,0.1174,0.0524,0.0443,False,True,True,True
leaf_rot,LeafRot289.jpg,0.1104,0.0542,0.0466,False,True,True,True
leaf_rot,LeafRot290.jpg,0.1108,0.0546,0.0456,False,True,True,True
leaf_rot,LeafRot292.jpg,0.1163,0.0586,0.0406,False,True,True,True
leaf_rot,LeafRot293.jpg,0.1216,0.0518,0.0448,False,True,True,True
leaf_rot,LeafRot294.jpg,0.1277,0.0501,0.0365,False,True,True,True
leaf_rot,LeafRot295.jpg,0.1260,0.0476,0.0684,False,True,True,True
leaf_rot,LeafRot296.jpg,0.1351,0.0527,0.0993,False,True,True,True
leaf_rot,LeafRot297.jpg,0.1317,0.0617,0.1536,False,True,True,True
leaf_rot,LeafRot301.jpg,0.1799,0.0813,0.1068,False,True,True,True
leaf_rot,LeafRot302.jpg,0.1866,0.0847,0.0849,False,True,True,True
leaf_rot,LeafRot303.jpg,0.1940,0.0819,0.0566,False,True,True,True
leaf_rot,LeafRot304.jpg,0.2059,0.0834,0.0364,False,True,True,True
leaf_rot,LeafRot305.jpg,0.1813,0.0719,0.0191,False,True,False,True
leaf_rot,LeafRot306.jpg,0.1422,0.0513,0.0103,False,True,False,True
leaf_rot,LeafRot307.jpg,0.1271,0.0398,0.0070,False,True,False,True
leaf_rot,LeafRot308.jpg,0.1244,0.0351,0.0063,False,True,False,True
leaf_rot,LeafRot309.jpg,0.1105,0.0310,0.0067,False,True,False,True
leaf_rot,LeafRot310.jpg,0.1061,0.0229,0.0058,False,True,False,True
leaf_rot,LeafRot311.jpg,0.1020,0.0212,0.0038,False,True,False,True
leaf_rot,LeafRot312.jpg,0.0875,0.0204,0.0050,False,True,False,True
leaf_rot,LeafRot313.jpg,0.0794,0.0229,0.0094,False,True,False,True
leaf_rot,LeafRot314.jpg,0.0656,0.0407,0.0232,False,True,False,True
leaf_rot,LeafRot318.jpg,0.0674,0.0388,0.0252,False,True,False,True
leaf_rot,LeafRot319.jpg,0.0668,0.0363,0.0255,False,True,False,True
leaf_rot,LeafRot322.jpg,0.0752,0.0473,0.0277,False,True,True,True
leaf_rot,LeafRot325.jpg,0.0617,0.0364,0.0269,False,True,True,True
leaf_rot,LeafRot326.jpg,0.0573,0.0369,0.0258,False,True,False,True
leaf_rot,LeafRot327.jpg,0.0544,0.0299,0.0253,False,True,False,True
leaf_rot,LeafRot328.jpg,0.0529,0.0336,0.0262,False,True,True,True
leaf_rot,LeafRot330.jpg,0.0485,0.0374,0.0276,False,True,True,True
leaf_rot,LeafRot331.jpg,0.0501,0.0425,0.0292,False,True,True,True
leaf_rot,LeafRot333.jpg,0.0484,0.0390,0.0336,False,True,True,True
leaf_rot,LeafRot335.jpg,0.0642,0.0565,0.0278,False,True,True,True
leaf_rot,LeafRot336.jpg,0.0699,0.0645,0.0244,False,True,False,True
leaf_rot,LeafRot337.jpg,0.0660,0.0499,0.0184,False,True,False,True
leaf_rot,LeafRot338.jpg,0.0409,0.0411,0.0220,False,True,False,True
leaf_rot,LeafRot344.jpg,0.0466,0.0332,0.0198,False,True,False,True
leaf_rot,LeafRot345.jpg,0.0515,0.0335,0.0204,False,True,False,True
leaf_rot,LeafRot346.jpg,0.0511,0.0355,0.0199,False,True,False,True
leaf_rot,LeafRot348.jpg,0.0617,0.0256,0.0079,False,True,False,True
leaf_rot,LeafRot349.jpg,0.0632,0.0238,0.0093,False,True,False,True
leaf_rot,LeafRot350.jpg,0.0688,0.0233,0.0126,False,True,False,True
leaf_rot,LeafRot351.jpg,0.0632,0.0228,0.0167,False,True,False,True
leaf_rot,LeafRot352.jpg,0.0686,0.0231,0.0126,False,True,False,True
leaf_rot,LeafRot353.jpg,0.0669,0.0275,0.0096,False,True,False,True
leaf_rot,LeafRot354.jpg,0.0554,0.0264,0.0117,False,True,False,True
leaf_rot,LeafRot355.jpg,0.0435,0.0257,0.0146,False,True,False,True
leaf_rot,LeafRot356.jpg,0.0458,0.0295,0.0132,False,True,False,True
leaf_rot,LeafRot357.jpg,0.0471,0.0271,0.0077,False,True,False,True
leaf_rot,LeafRot358.jpg,0.0435,0.0241,0.0072,False,True,False,True
leaf_rot,LeafRot359.jpg,0.0381,0.0258,0.0051,False,True,False,True
leaf_rot,LeafRot360.jpg,0.0758,0.0099,0.0070,False,False,False,False
leaf_rot,LeafRot361.jpg,0.0529,0.0230,0.0058,False,True,False,True
leaf_rot,LeafRot365.jpg,0.0473,0.0236,0.0042,False,True,False,True
leaf_rot,LeafRot368.jpg,0.0475,0.0273,0.0076,False,True,False,True
leaf_rot,LeafRot369.jpg,0.0476,0.0284,0.0084,False,True,False,True
leaf_rot,LeafRot370.jpg,0.0512,0.0311,0.0071,False,True,False,True
leaf_rot,LeafRot371.jpg,0.0465,0.0320,0.0084,False,True,False,True
leaf_rot,LeafRot372.jpg,0.0464,0.0296,0.0048,False,True,False,True
leaf_rot,LeafRot373.jpg,0.0483,0.0308,0.0055,False,True,False,True
leaf_rot,LeafRot374.jpg,0.0566,0.0274,0.0036,False,True,False,True
leaf_rot,LeafRot376.jpg,0.0711,0.0294,0.0055,False,True,False,True
leaf_rot,LeafRot377.jpg,0.0741,0.0293,0.0102,False,True,False,True
leaf_rot,LeafRot378.jpg,0.0779,0.0249,0.0105,False,True,False,True
leaf_rot,LeafRot379.jpg,0.0692,0.0188,0.0099,False,False,False,False
leaf_rot,LeafRot380.jpg,0.0732,0.0219,0.0105,False,True,False,True
leaf_rot,LeafRot381.jpg,0.0692,0.0147,0.0044,False,False,False,False
leaf_rot,LeafRot382.jpg,0.1663,0.0800,0.3429,False,True,True,True
leaf_rot,LeafRot386.jpg,0.1491,0.0693,0.3214,False,True,True,True
leaf_rot,LeafRot390.jpg,0.1432,0.0742,0.3920,False,True,True,True
leaf_rot,LeafRot393.jpg,0.1580,0.0665,0.2513,False,True,True,True
leaf_rot,LeafRot394.jpg,0.1366,0.0616,0.3073,False,True,True,True
leaf_rot,LeafRot395.jpg,0.0725,0.0342,0.4288,False,True,True,True
leaf_rot,LeafRot401.jpg,0.0640,0.0329,0.4108,False,True,True,True
leaf_rot,LeafRot404.jpg,0.0704,0.0332,0.3771,False,True,True,True
leaf_rot,LeafRot411.jpg,0.0774,0.0384,0.3850,False,True,True,True
leaf_rot,LeafRot412.jpg,0.0849,0.0421,0.3763,False,True,True,True
leaf_rot,LeafRot413.jpg,0.0821,0.0499,0.3845,False,True,True,True
leaf_rot,LeafRot414.jpg,0.0771,0.0561,0.4222,False,True,True,True
leaf_rot,LeafRot415.jpg,0.0763,0.0615,0.4401,False,True,True,True
leaf_rot,LeafRot416.jpg,0.0722,0.0649,0.4479,False,True,True,True
leaf_rot,LeafRot417.jpg,0.0622,0.0723,0.4723,False,True,True,True
leaf_rot,LeafRot418.jpg,0.0689,0.0824,0.4721,False,True,True,True
leaf_rot,LeafRot419.jpg,0.0810,0.0852,0.4755,False,True,True,True
leaf_rot,LeafRot420.jpg,0.1135,0.0971,0.4157,False,True,True,True
leaf_rot,LeafRot421.jpg,0.1527,0.1028,0.2999,False,True,True,True
leaf_rot,LeafRot422.jpg,0.1614,0.0909,0.2102,False,True,True,True
leaf_rot,LeafRot423.jpg,0.1603,0.0864,0.2056,False,True,True,True
leaf_rot,LeafRot424.jpg,0.1568,0.0799,0.1913,False,True,True,True
leaf_rot,LeafRot425.jpg,0.1089,0.0486,0.0242,False,True,False,True
leaf_rot,LeafRot428.jpg,0.0981,0.0528,0.0244,False,True,False,True
leaf_rot,LeafRot429.jpg,0.1037,0.0544,0.0250,False,True,False,True
leaf_rot,LeafRot430.jpg,0.1067,0.0615,0.0264,False,True,True,True
leaf_rot,LeafRot432.jpg,0.1030,0.0597,0.0248,False,True,False,True
leaf_rot,LeafRot434.jpg,0.1126,0.0642,0.0245,False,True,False,True
leaf_rot,LeafRot441.jpg,0.0183,0.0013,0.0879,False,False,True,True
leaf_rot,LeafRot444.jpg,0.0208,0.0013,0.0775,False,False,True,True
leaf_rot,LeafRot446.jpg,0.0192,0.0015,0.1281,False,False,True,True
leaf_rot,LeafRot448.jpg,0.0191,0.0020,0.1250,False,False,True,True
leaf_rot,LeafRot449.jpg,0.0185,0.0021,0.1078,False,False,True,True
leaf_rot,LeafRot450.jpg,0.0190,0.0018,0.0900,False,False,True,True
leaf_rot,LeafRot451.jpg,0.0182,0.0015,0.0827,False,False,True,True
leaf_rot,LeafRot452.jpg,0.0175,0.0013,0.0725,False,False,True,True
leaf_rot,LeafRot453.jpg,0.0189,0.0013,0.0884,False,False,True,True
leaf_rot,LeafRot454.jpg,0.0185,0.0012,0.1036,False,False,True,True
leaf_rot,LeafRot455.jpg,0.0170,0.0013,0.1116,False,False,True,True
leaf_rot,LeafRot456.jpg,0.0161,0.0011,0.1674,False,False,True,True
leaf_rot,LeafRot457.jpg,0.0150,0.0013,0.1626,False,False,True,True
leaf_rot,LeafRot458.jpg,0.0175,0.0015,0.1858,False,False,True,True
leaf_rot,LeafRot459.jpg,0.0209,0.0022,0.1190,False,False,True,True
leaf_rot,LeafRot461.jpg,0.0185,0.0013,0.0638,False,False,True,True
leaf_rot,LeafRot463.jpg,0.0171,0.0013,0.0909,False,False,True,True
leaf_rot,LeafRot466.jpg,0.0135,0.0007,0.0714,False,False,True,True
leaf_rot,LeafRot467.jpg,0.0122,0.0008,0.1046,False,False,True,True
leaf_rot,LeafRot468.jpg,0.0109,0.0009,0.1443,False,False,True,True
leaf_rot,LeafRot471.jpg,0.0332,0.0015,0.0859,False,False,True,True
leaf_rot,LeafRot475.jpg,0.0390,0.0021,0.0804,False,False,True,True
leaf_rot,LeafRot479.jpg,0.0485,0.0049,0.0588,False,False,True,True
leaf_rot,LeafRot480.jpg,0.0492,0.0044,0.0546,False,False,True,True
leaf_rot,LeafRot481.jpg,0.0517,0.0016,0.0295,False,False,True,True
leaf_rot,LeafRot482.jpg,0.0475,0.0015,0.0281,False,False,True,True
leaf_rot,LeafRot483.jpg,0.0333,0.0007,0.0382,False,False,True,True
leaf_rot,LeafRot484.jpg,0.0241,0.0032,0.0748,False,False,True,True
leaf_rot,LeafRot485.jpg,0.0182,0.0083,0.1387,False,False,True,True
leaf_rot,LeafRot486.jpg,0.0184,0.0071,0.1827,False,False,True,True
leaf_rot,LeafRot487.jpg,0.0214,0.0040,0.1930,False,False,True,True
leaf_rot,LeafRot488.jpg,0.0288,0.0042,0.1295,False,False,True,True
leaf_rot,LeafRot489.jpg,0.0404,0.0038,0.0779,False,False,True,True
leaf_rot,LeafRot490.jpg,0.0495,0.0036,0.0391,False,False,True,True
leaf_rot,LeafRot491.jpg,0.0504,0.0032,0.0387,False,False,True,True
leaf_rot,LeafRot492.jpg,0.0520,0.0016,0.0439,False,False,True,True
leaf_rot,LeafRot493.jpg,0.0482,0.0016,0.0695,False,False,True,True
leaf_rot,LeafRot494.jpg,0.0505,0.0022,0.1237,False,False,True,True
leaf_rot,LeafRot495.jpg,0.0478,0.0017,0.1657,False,False,True,True
leaf_rot,LeafRot496.jpg,0.0556,0.0100,0.1538,False,False,True,True
leaf_rot,LeafRot497.jpg,0.0773,0.0136,0.1052,False,False,True,True
leaf_rot,LeafRot498.jpg,0.0844,0.0177,0.0668,False,False,True,True
leaf_rot,LeafRot499.jpg,0.0937,0.0218,0.0506,False,True,True,True
leaf_rot,LeafRot500.jpg,0.1046,0.0250,0.0554,False,True,True,True
leaf_rot,LeafRot501.jpg,0.1289,0.0244,0.0000,False,True,False,True
leaf_rot,LeafRot502.jpg,0.1169,0.0248,0.0000,False,True,False,True
leaf_rot,LeafRot503.jpg,0.1242,0.0279,0.0001,False,True,False,True
leaf_rot,LeafRot504.jpg,0.1323,0.0313,0.0001,False,True,False,True
leaf_rot,LeafRot505.jpg,0.1250,0.0414,0.0001,False,True,False,True
leaf_rot,LeafRot509.jpg,0.1485,0.1232,0.0066,False,True,False,True
leaf_rot,LeafRot510.jpg,0.1617,0.1771,0.0122,False,True,False,True
leaf_rot,LeafRot511.jpg,0.1503,0.1835,0.0115,False,True,False,True
leaf_rot,LeafRot512.jpg,0.1543,0.1340,0.0056,False,True,False,True
leaf_rot,LeafRot514.jpg,0.1686,0.1509,0.0155,False,True,False,True
leaf_rot,LeafRot515.jpg,0.1835,0.1440,0.0132,False,True,False,True
leaf_rot,LeafRot516.jpg,0.1883,0.1412,0.0066,False,True,False,True
leaf_rot,LeafRot517.jpg,0.2004,0.1520,0.0056,False,True,False,True
leaf_rot,LeafRot518.jpg,0.1965,0.1218,0.0069,False,True,False,True
leaf_rot,LeafRot519.jpg,0.1769,0.0742,0.0022,False,True,False,True
leaf_rot,LeafRot520.jpg,0.1621,0.0521,0.0012,False,True,False,True
leaf_rot,LeafRot521.jpg,0.1664,0.0486,0.0640,False,True,True,True
leaf_rot,LeafRot528.jpg,0.1414,0.0260,0.0532,False,True,True,True
leaf_rot,LeafRot529.jpg,0.1316,0.0202,0.0469,False,True,True,True
leaf_rot,LeafRot531.jpg,0.1137,0.0158,0.0695,False,False,True,True
leaf_rot,LeafRot532.jpg,0.1149,0.0142,0.0660,False,False,True,True
leaf_rot,LeafRot534.jpg,0.1143,0.0122,0.0666,False,False,True,True
leaf_rot,LeafRot536.jpg,0.0968,0.0080,0.0447,False,False,True,True
leaf_rot,LeafRot537.jpg,0.0961,0.0071,0.0611,False,False,True,True
leaf_rot,LeafRot549.jpg,0.1272,0.0103,0.0526,False,False,True,True
leaf_rot,LeafRot551.jpg,0.0569,0.0175,0.2090,False,False,True,True
leaf_rot,LeafRot553.jpg,0.0456,0.0139,0.1996,False,False,True,True
leaf_rot,LeafRot554.jpg,0.0396,0.0087,0.1969,False,False,True,True
leaf_rot,LeafRot556.jpg,0.0257,0.0047,0.1999,False,False,True,True
leaf_rot,LeafRot557.jpg,0.0201,0.0037,0.1862,False,False,True,True
leaf_rot,LeafRot559.jpg,0.0175,0.0034,0.1588,False,False,True,True
leaf_rot,LeafRot560.jpg,0.0232,0.0049,0.1497,False,False,True,True
leaf_rot,LeafRot561.jpg,0.0255,0.0068,0.1686,False,False,True,True
leaf_rot,LeafRot563.jpg,0.0307,0.0097,0.2367,False,False,True,True
leaf_rot,LeafRot564.jpg,0.0274,0.0075,0.1966,False,False,True,True
leaf_rot,LeafRot565.jpg,0.0242,0.0077,0.1616,False,False,True,True
leaf_rot,LeafRot566.jpg,0.0225,0.0078,0.2167,False,False,True,True
leaf_rot,LeafRot567.jpg,0.0178,0.0068,0.3189,False,False,True,True
leaf_rot,LeafRot571.jpg,0.0111,0.0040,0.3090,False,False,True,True
leaf_rot,LeafRot572.jpg,0.0100,0.0038,0.3181,False,False,True,True
leaf_rot,LeafRot573.jpg,0.0086,0.0027,0.3015,False,False,True,True
leaf_rot,LeafRot574.jpg,0.0088,0.0030,0.2675,False,False,True,True
leaf_rot,LeafRot575.jpg,0.0121,0.0029,0.1894,False,False,True,True
leaf_rot,LeafRot576.jpg,0.0179,0.0044,0.1557,False,False,True,True
leaf_rot,LeafRot577.jpg,0.0190,0.0046,0.1413,False,False,True,True
leaf_rot,LeafRot578.jpg,0.0191,0.0045,0.1779,False,False,True,True
leaf_rot,LeafRot579.jpg,0.0186,0.0047,0.2271,False,False,True,True
leaf_rot,LeafRot580.jpg,0.0219,0.0065,0.2765,False,False,True,True
leaf_rot,LeafRot581.jpg,0.0405,0.0106,0.2350,False,False,True,True
leaf_rot,LeafRot585.jpg,0.0377,0.0108,0.2306,False,False,True,True
leaf_rot,LeafRot589.jpg,0.0368,0.0133,0.2280,False,False,True,True
leaf_rot,LeafRot592.jpg,0.0513,0.0205,0.2641,False,True,True,True
leaf_rot,LeafRot593.jpg,0.0722,0.0270,0.2029,False,True,True,True
leaf_rot,LeafRot594.jpg,0.0996,0.0348,0.1749,False,True,True,True
leaf_rot,LeafRot595.jpg,0.0960,0.0270,0.1829,False,True,True,True
leaf_rot,LeafRot596.jpg,0.1037,0.0348,0.1991,False,True,True,True
leaf_rot,LeafRot597.jpg,0.1019,0.0400,0.1969,False,True,True,True
leaf_rot,LeafRot599.jpg,0.0814,0.0252,0.1815,False,True,True,True
leaf_rot,LeafRot600.jpg,0.0522,0.0125,0.1460,False,False,True,True
leaf_rot,LeafRot601.jpg,0.0447,0.0091,0.0997,False,False,True,True
leaf_rot,LeafRot602.jpg,0.0375,0.0078,0.0772,False,False,True,True
leaf_rot,LeafRot604.jpg,0.0514,0.0147,0.0796,False,False,True,True
leaf_rot,LeafRot605.jpg,0.0876,0.0211,0.1518,False,True,True,True
leaf_rot,LeafRot607.jpg,0.0870,0.0504,0.2802,False,True,True,True
leaf_rot,LeafRot609.jpg,0.1090,0.0681,0.2102,False,True,True,True
leaf_rot,LeafRot610.jpg,0.1179,0.0784,0.1934,False,True,True,True
leaf_rot,LeafRot611.jpg,0.2124,0.0922,0.0003,False,True,False,True
leaf_rot,LeafRot612.jpg,0.2150,0.1010,0.0012,False,True,False,True
leaf_rot,LeafRot613.jpg,0.2068,0.1092,0.0037,False,True,False,True
leaf_rot,LeafRot614.jpg,0.2044,0.1146,0.0046,False,True,False,True
leaf_rot,LeafRot618.jpg,0.2294,0.1408,0.0155,False,True,False,True
leaf_rot,LeafRot620.jpg,0.2308,0.1397,0.0137,False,True,False,True
leaf_rot,LeafRot621.jpg,0.2359,0.1383,0.0120,False,True,False,True
leaf_rot,LeafRot622.jpg,0.2319,0.1422,0.0091,False,True,False,True
leaf_rot,LeafRot623.jpg,0.2311,0.1549,0.0094,False,True,False,True
leaf_rot,LeafRot624.jpg,0.2198,0.1338,0.0114,False,True,False,True
leaf_rot,LeafRot625.jpg,0.2250,0.1524,0.0217,False,True,False,True
leaf_rot,LeafRot626.jpg,0.2248,0.1927,0.0313,False,True,True,True
leaf_rot,LeafRot627.jpg,0.2239,0.1842,0.0318,False,True,True,True
leaf_rot,LeafRot628.jpg,0.2046,0.1563,0.0189,False,True,False,True
leaf_rot,LeafRot629.jpg,0.1933,0.1482,0.0215,False,True,False,True
leaf_rot,LeafRot631.jpg,0.2042,0.1509,0.0212,False,True,False,True
leaf_rot,LeafRot633.jpg,0.2225,0.1336,0.0145,False,True,False,True
leaf_rot,LeafRot634.jpg,0.2315,0.1338,0.0125,False,True,False,True
leaf_rot,LeafRot635.jpg,0.2343,0.1303,0.0122,False,True,False,True
leaf_rot,LeafRot636.jpg,0.2408,0.1302,0.0111,False,True,False,True
leaf_rot,LeafRot637.jpg,0.2464,0.1286,0.0102,False,True,False,True
leaf_rot,LeafRot638.jpg,0.2510,0.1386,0.0088,True,True,False,True
leaf_rot,LeafRot639.jpg,0.2408,0.1452,0.0049,False,True,False,True
leaf_rot,LeafRot640.jpg,0.2378,0.1562,0.0056,False,True,False,True
leaf_rot,LeafRot641.jpg,0.2148,0.0636,0.0002,False,True,False,True
leaf_rot,LeafRot642.jpg,0.2140,0.0730,0.0001,False,True,False,True
leaf_rot,LeafRot643.jpg,0.2185,0.0811,0.0002,False,True,False,True
leaf_rot,LeafRot645.jpg,0.2159,0.0790,0.0002,False,True,False,True
leaf_rot,LeafRot649.jpg,0.2226,0.1128,0.0009,False,True,False,True
leaf_rot,LeafRot650.jpg,0.2221,0.1184,0.0033,False,True,False,True
leaf_rot,LeafRot651.jpg,0.2098,0.1135,0.0029,False,True,False,True
leaf_rot,LeafRot652.jpg,0.2000,0.1112,0.0057,False,True,False,True
leaf_rot,LeafRot653.jpg,0.1999,0.1129,0.0142,False,True,False,True
leaf_rot,LeafRot654.jpg,0.2146,0.1342,0.0253,False,True,False,True
leaf_rot,LeafRot657.jpg,0.2617,0.1952,0.0263,True,True,True,True
leaf_rot,LeafRot658.jpg,0.2597,0.2144,0.0133,True,True,False,True
leaf_rot,LeafRot659.jpg,0.2681,0.1778,0.0017,True,True,False,True
leaf_rot,LeafRot660.jpg,0.2804,0.1920,0.0025,True,True,False,True
leaf_rot,LeafRot661.jpg,0.2640,0.1873,0.0014,True,True,False,True
leaf_rot,LeafRot662.jpg,0.2410,0.0740,0.0008,False,True,False,True
leaf_rot,LeafRot663.jpg,0.2099,0.0528,0.0005,False,True,False,True
leaf_rot,LeafRot664.jpg,0.1880,0.0439,0.0012,False,True,False,True
leaf_rot,LeafRot665.jpg,0.1718,0.0363,0.0014,False,True,False,True
leaf_rot,LeafRot666.jpg,0.1658,0.0356,0.0012,False,True,False,True
leaf_rot,LeafRot667.jpg,0.1664,0.0290,0.0009,False,True,False,True
leaf_rot,LeafRot668.jpg,0.1735,0.0270,0.0009,False,True,False,True
leaf_rot,LeafRot669.jpg,0.1668,0.0270,0.0009,False,True,False,True
leaf_rot,LeafRot670.jpg,0.1805,0.0257,0.0005,False,True,False,True
leaf_rot,LeafRot671.jpg,0.1657,0.0696,0.0016,False,True,False,True
leaf_rot,LeafRot672.jpg,0.2292,0.0653,0.0040,False,True,False,True
leaf_rot,LeafRot673.jpg,0.1780,0.0353,0.0008,False,True,False,True
leaf_rot,LeafRot677.jpg,0.2003,0.0457,0.0020,False,True,False,True
leaf_rot,LeafRot679.jpg,0.2161,0.0620,0.0020,False,True,False,True
leaf_rot,LeafRot680.jpg,0.2140,0.0590,0.0019,False,True,False,True
leaf_rot,LeafRot681.jpg,0.2425,0.0679,0.0018,False,True,False,True
leaf_rot,LeafRot682.jpg,0.2620,0.0940,0.0027,True,True,False,True
leaf_rot,LeafRot683.jpg,0.2883,0.1044,0.0026,True,True,False,True
leaf_rot,LeafRot684.jpg,0.2922,0.1313,0.0019,True,True,False,True
leaf_rot,LeafRot686.jpg,0.2520,0.0599,0.0006,True,True,False,True
leaf_rot,LeafRot687.jpg,0.2386,0.0431,0.0005,False,True,False,True
leaf_rot,LeafRot688.jpg,0.2174,0.0432,0.0004,False,True,False,True
leaf_rot,LeafRot689.jpg,0.2009,0.0348,0.0005,False,True,False,True
leaf_rot,LeafRot690.jpg,0.1869,0.0315,0.0006,False,True,False,True
leaf_rot,LeafRot691.jpg,0.1546,0.0224,0.0006,False,True,False,True
leaf_rot,LeafRot692.jpg,0.1319,0.0171,0.0004,False,False,False,False
leaf_rot,LeafRot693.jpg,0.1309,0.0183,0.0005,False,False,False,False
leaf_rot,LeafRot694.jpg,0.1413,0.0177,0.0008,False,False,False,False
leaf_rot,LeafRot695.jpg,0.1500,0.0195,0.0009,False,False,False,False
leaf_rot,LeafRot696.jpg,0.1651,0.0261,0.0010,False,True,False,True
leaf_rot,LeafRot697.jpg,0.1731,0.0263,0.0009,False,True,False,True
leaf_rot,LeafRot698.jpg,0.1726,0.0287,0.0011,False,True,False,True
leaf_rot,LeafRot699.jpg,0.1825,0.0300,0.0010,False,True,False,True
leaf_rot,LeafRot700.jpg,0.2031,0.0337,0.0007,False,True,False,True
leaf_rot,LeafRot701.jpg,0.2119,0.0348,0.0006,False,True,False,True
leaf_rot,LeafRot702.jpg,0.2122,0.0342,0.0005,False,True,False,True
leaf_rot,LeafRot703.jpg,0.1764,0.1436,0.0007,False,True,False,True
leaf_rot,LeafRot711.jpg,0.1945,0.1110,0.0024,False,True,False,True
leaf_rot,LeafRot712.jpg,0.1857,0.1010,0.0014,False,True,False,True
leaf_rot,LeafRot713.jpg,0.1618,0.0728,0.0006,False,True,False,True
leaf_rot,LeafRot714.jpg,0.1484,0.0581,0.0009,False,True,False,True
leaf_rot,LeafRot715.jpg,0.1380,0.0564,0.0019,False,True,False,True
leaf_rot,LeafRot716.jpg,0.1331,0.0525,0.0036,False,True,False,True
leaf_rot,LeafRot717.jpg,0.1331,0.0486,0.0053,False,True,False,True
leaf_rot,LeafRot718.jpg,0.1237,0.0446,0.0187,False,True,False,True
leaf_rot,LeafRot719.jpg,0.1025,0.0365,0.0414,False,True,True,True
leaf_rot,LeafRot720.jpg,0.0809,0.0274,0.0841,False,True,True,True
leaf_rot,LeafRot721.jpg,0.0633,0.0239,0.2002,False,True,True,True
leaf_rot,LeafRot722.jpg,0.0530,0.0366,0.3123,False,True,True,True
leaf_rot,LeafRot723.jpg,0.0479,0.0668,0.3309,False,True,True,True
leaf_rot,LeafRot724.jpg,0.0495,0.1309,0.3978,False,True,True,True
leaf_rot,LeafRot725.jpg,0.0563,0.2469,0.4758,False,True,True,True
leaf_rot,LeafRot726.jpg,0.0757,0.2327,0.3605,False,True,True,True
leaf_rot,LeafRot727.jpg,0.1080,0.0083,0.0001,False,False,False,False
leaf_rot,LeafRot728.jpg,0.1640,0.0226,0.0014,False,True,False,True
leaf_rot,LeafRot731.jpg,0.1749,0.0238,0.0011,False,True,False,True
leaf_rot,LeafRot732.jpg,0.1769,0.0217,0.0015,False,True,False,True
leaf_rot,LeafRot733.jpg,0.1732,0.0209,0.0015,False,True,False,True
leaf_rot,LeafRot734.jpg,0.1704,0.0186,0.0013,False,False,False,False
leaf_rot,LeafRot735.jpg,0.1773,0.0134,0.0001,False,False,False,False
leaf_rot,LeafRot736.jpg,0.1712,0.0109,0.0001,False,False,False,False
leaf_rot,LeafRot737.jpg,0.1466,0.0124,0.0003,False,False,False,False
leaf_rot,LeafRot738.jpg,0.1170,0.0097,0.0003,False,False,False,False
leaf_rot,LeafRot739.jpg,0.0957,0.0080,0.0006,False,False,False,False
leaf_rot,LeafRot740.jpg,0.0246,0.1416,0.4883,False,True,True,True
leaf_rot,LeafRot744.jpg,0.0214,0.1421,0.4927,False,True,True,True
leaf_rot,LeafRot745.jpg,0.3061,0.1116,0.0010,True,True,False,True
leaf_rot,LeafRot746.jpg,0.3047,0.1141,0.0010,True,True,False,True
leaf_rot,LeafRot754.jpg,0.3096,0.1786,0.0013,True,True,False,True
leaf_rot,LeafRot755.jpg,0.2914,0.2035,0.0011,True,True,False,True
leaf_rot,LeafRot756.jpg,0.2766,0.2208,0.0011,True,True,False,True
leaf_rot,LeafRot757.jpg,0.2747,0.2759,0.0016,True,True,False,True
leaf_rot,LeafRot758.jpg,0.2813,0.2805,0.0005,True,True,False,True
leaf_rot,LeafRot759.jpg,0.2676,0.1313,0.0002,True,True,False,True
leaf_rot,LeafRot767.jpg,0.0000,0.0000,0.2835,False,False,True,True
leaf_rot,LeafRot768.jpg,0.0000,0.0000,0.2866,False,False,True,True
leaf_rot,LeafRot769.jpg,0.0000,0.0000,0.3098,False,False,True,True
leaf_rot,LeafRot770.jpg,0.0000,0.0000,0.2303,False,False,True,True
leaf_rot,LeafRot771.jpg,0.0000,0.0000,0.2478,False,False,True,True
leaf_rot,LeafRot772.jpg,0.0000,0.0000,0.2747,False,False,True,True
leaf_rot,LeafRot773.jpg,0.0000,0.0000,0.3228,False,False,True,True
leaf_rot,LeafRot774.jpg,0.0000,0.0000,0.3683,False,False,True,True
leaf_rot,LeafRot775.jpg,0.0000,0.0000,0.3592,False,False,True,True
leaf_rot,LeafRot776.jpg,0.0000,0.0000,0.2286,False,False,True,True
leaf_rot,LeafRot777.jpg,0.0000,0.0000,0.0667,False,False,True,True
leaf_rot,LeafRot778.jpg,0.0000,0.0000,0.0745,False,False,True,True
leaf_rot,LeafRot779.jpg,0.0000,0.0000,0.2080,False,False,True,True
leaf_rot,LeafRot780.jpg,0.0000,0.0000,0.2541,False,False,True,True
leaf_rot,LeafRot783.jpg,0.0000,0.0000,0.2579,False,False,True,True
leaf_rot,LeafRot784.jpg,0.0000,0.0000,0.2521,False,False,True,True
leaf_rot,LeafRot785.jpg,0.0000,0.0000,0.2500,False,False,True,True
leaf_rot,LeafRot786.jpg,0.0000,0.0000,0.2698,False,False,True,True
leaf_rot,LeafRot787.jpg,0.0000,0.0000,0.3003,False,False,True,True
leaf_rot,LeafRot788.jpg,0.0000,0.0000,0.2886,False,False,True,True
leaf_rot,LeafRot789.jpg,0.0000,0.0000,0.1034,False,False,True,True
leaf_rot,LeafRot790.jpg,0.0188,0.0042,0.3080,False,False,True,True
leaf_rot,LeafRot798.jpg,0.0146,0.0033,0.3092,False,False,True,True
leaf_rot,LeafRot800.jpg,0.0117,0.0031,0.3130,False,False,True,True
leaf_rot,LeafRot801.jpg,0.0134,0.0034,0.3078,False,False,True,True
leaf_rot,LeafRot802.jpg,0.0128,0.0030,0.3058,False,False,True,True
leaf_rot,LeafRot804.jpg,0.0117,0.0028,0.2979,False,False,True,True
leaf_rot,LeafRot806.jpg,0.0099,0.0024,0.2868,False,False,True,True
leaf_rot,LeafRot807.jpg,0.0097,0.0025,0.2799,False,False,True,True
leaf_rot,LeafRot808.jpg,0.0073,0.0013,0.2680,False,False,True,True
leaf_rot,LeafRot809.jpg,0.0066,0.0014,0.2726,False,False,True,True
leaf_rot,LeafRot810.jpg,0.0060,0.0012,0.2644,False,False,True,True
leaf_rot,LeafRot812.jpg,0.0061,0.0022,0.2675,False,False,True,True
leaf_rot,LeafRot816.jpg,0.0133,0.0033,0.3253,False,False,True,True
leaf_rot,LeafRot821.jpg,0.0111,0.0035,0.3518,False,False,True,True
leaf_rot,LeafRot827.jpg,0.0587,0.0056,0.0029,False,False,False,False
leaf_rot,LeafRot828.jpg,0.1932,0.0682,0.0068,False,True,False,True
leaf_rot,LeafRot832.jpg,0.2179,0.0770,0.0052,False,True,False,True
leaf_rot,LeafRot833.jpg,0.2184,0.0900,0.0036,False,True,False,True
leaf_rot,LeafRot834.jpg,0.2143,0.0779,0.0054,False,True,False,True
leaf_rot,LeafRot835.jpg,0.1935,0.0647,0.0030,False,True,False,True
leaf_rot,LeafRot836.jpg,0.1789,0.0603,0.0028,False,True,False,True
leaf_rot,LeafRot837.jpg,0.1564,0.0532,0.0021,False,True,False,True
leaf_rot,LeafRot838.jpg,0.1359,0.0495,0.0016,False,True,False,True
leaf_rot,LeafRot839.jpg,0.1221,0.0353,0.0012,False,True,False,True
leaf_rot,LeafRot840.jpg,0.1016,0.0218,0.0007,False,True,False,True
leaf_rot,LeafRot841.jpg,0.0962,0.0181,0.0007,False,False,False,False
leaf_rot,LeafRot842.jpg,0.0827,0.0146,0.0010,False,False,False,False
leaf_rot,LeafRot843.jpg,0.0869,0.0133,0.0005,False,False,False,False
leaf_rot,LeafRot844.jpg,0.0872,0.0142,0.0005,False,False,False,False
leaf_rot,LeafRot845.jpg,0.0829,0.0136,0.0008,False,False,False,False
leaf_rot,LeafRot846.jpg,0.0794,0.0122,0.0009,False,False,False,False
leaf_rot,LeafRot848.jpg,0.0669,0.0083,0.0004,False,False,False,False
leaf_rot,LeafRot849.jpg,0.0605,0.0073,0.0003,False,False,False,False
leaf_rot,LeafRot851.jpg,0.0563,0.0060,0.0009,False,False,False,False
leaf_rot,LeafRot852.jpg,0.0534,0.0056,0.0008,False,False,False,False
leaf_rot,LeafRot853.jpg,0.0499,0.0052,0.0003,False,False,False,False
leaf_rot,LeafRot854.jpg,0.0515,0.0069,0.0003,False,False,False,False
leaf_rot,LeafRot855.jpg,0.0523,0.0081,0.0003,False,False,False,False
leaf_rot,LeafRot856.jpg,0.0510,0.0066,0.0005,False,False,False,False
leaf_rot,LeafRot857.jpg,0.0528,0.0108,0.0005,False,False,False,False
leaf_rot,LeafRot858.jpg,0.1191,0.0098,0.0019,False,False,False,False
leaf_rot,LeafRot859.jpg,0.1325,0.0208,0.0050,False,True,False,True
leaf_rot,LeafRot860.jpg,0.0391,0.0109,0.0018,False,False,False,False
leaf_rot,LeafRot862.jpg,0.0426,0.0145,0.0021,False,False,False,False
leaf_rot,LeafRot869.jpg,0.0444,0.0136,0.0013,False,False,False,False
leaf_rot,LeafRot870.jpg,0.0437,0.0153,0.0012,False,False,False,False
leaf_rot,LeafRot871.jpg,0.0462,0.0155,0.0015,False,False,False,False
leaf_rot,LeafRot872.jpg,0.0449,0.0140,0.0013,False,False,False,False
leaf_rot,LeafRot873.jpg,0.0417,0.0108,0.0013,False,False,False,False
leaf_rot,LeafRot874.jpg,0.0414,0.0164,0.0021,False,False,False,False
leaf_rot,LeafRot875.jpg,0.0473,0.0250,0.0012,False,True,False,True
leaf_rot,LeafRot876.jpg,0.0396,0.0220,0.0017,False,True,False,True
leaf_rot,LeafRot877.jpg,0.0408,0.0228,0.0017,False,True,False,True
leaf_rot,LeafRot878.jpg,0.0405,0.0223,0.0018,False,True,False,True
leaf_rot,LeafRot879.jpg,0.0395,0.0151,0.0009,False,False,False,False
leaf_rot,LeafRot880.jpg,0.0358,0.0151,0.0007,False,False,False,False
leaf_rot,LeafRot881.jpg,0.0290,0.0136,0.0011,False,False,False,False
leaf_rot,LeafRot882.jpg,0.0280,0.0188,0.0009,False,False,False,False
leaf_rot,LeafRot883.jpg,0.0255,0.0193,0.0005,False,False,False,False
leaf_rot,LeafRot884.jpg,0.0238,0.0134,0.0005,False,False,False,False
leaf_rot,LeafRot885.jpg,0.0306,0.0118,0.0003,False,False,False,False
leaf_rot,LeafRot886.jpg,0.0303,0.0134,0.0007,False,False,False,False
leaf_rot,LeafRot887.jpg,0.0358,0.0233,0.0021,False,True,False,True
leaf_rot,LeafRot889.jpg,0.0505,0.0384,0.0014,False,True,False,True
leaf_rot,LeafRot891.jpg,0.0483,0.0457,0.0021,False,True,False,True
leaf_rot,LeafRot892.jpg,0.0367,0.0098,0.0023,False,False,False,False
leaf_rot,LeafRot896.jpg,0.0392,0.0097,0.0025,False,False,False,False
leaf_rot,LeafRot897.jpg,0.0426,0.0116,0.0024,False,False,False,False
leaf_rot,LeafRot898.jpg,0.0483,0.0097,0.0020,False,False,False,False
leaf_rot,LeafRot900.jpg,0.0450,0.0097,0.0026,False,False,False,False
leaf_rot,LeafRot901.jpg,0.0481,0.0099,0.0029,False,False,False,False
leaf_rot,LeafRot902.jpg,0.0535,0.0111,0.0018,False,False,False,False
leaf_rot,LeafRot903.jpg,0.0545,0.0095,0.0026,False,False,False,False
leaf_rot,LeafRot904.jpg,0.0506,0.0124,0.0019,False,False,False,False
leaf_rot,LeafRot905.jpg,0.0463,0.0139,0.0040,False,False,False,False
leaf_rot,LeafRot906.jpg,0.0379,0.0128,0.0038,False,False,False,False
leaf_rot,LeafRot907.jpg,0.0295,0.0100,0.0043,False,False,False,False
leaf_rot,LeafRot908.jpg,0.0220,0.0111,0.0034,False,False,False,False
leaf_rot,LeafRot909.jpg,0.0220,0.0099,0.0036,False,False,False,False
leaf_rot,LeafRot910.jpg,0.0237,0.0099,0.0018,False,False,False,False
leaf_rot,LeafRot911.jpg,0.0267,0.0132,0.0007,False,False,False,False
leaf_rot,LeafRot912.jpg,0.0295,0.0153,0.0014,False,False,False,False
leaf_rot,LeafRot913.jpg,0.0372,0.0372,0.0034,False,True,False,True
leaf_rot,LeafRot914.jpg,0.0314,0.0240,0.0031,False,True,False,True
leaf_rot,LeafRot915.jpg,0.0325,0.0262,0.0033,False,True,False,True
leaf_rot,LeafRot916.jpg,0.0370,0.0263,0.0040,False,True,False,True
leaf_rot,LeafRot917.jpg,0.0466,0.0262,0.0028,False,True,False,True
leaf_rot,LeafRot918.jpg,0.0533,0.0333,0.0025,False,True,False,True
leaf_rot,LeafRot919.jpg,0.0564,0.0211,0.0013,False,True,False,True
leaf_rot,LeafRot920.jpg,0.0574,0.0182,0.0014,False,False,False,False
leaf_rot,LeafRot921.jpg,0.0494,0.0115,0.0022,False,False,False,False
leaf_rot,LeafRot922.jpg,0.1199,0.0116,0.0010,False,False,False,False
leaf_rot,LeafRot924.jpg,0.1111,0.0086,0.0004,False,False,False,False
leaf_rot,LeafRot925.jpg,0.1180,0.0200,0.0017,False,False,False,False
leaf_rot,LeafRot926.jpg,0.1045,0.0160,0.0016,False,False,False,False
leaf_rot,LeafRot927.jpg,0.0908,0.0129,0.0017,False,False,False,False
leaf_rot,LeafRot928.jpg,0.0861,0.0101,0.0008,False,False,False,False
leaf_rot,LeafRot929.jpg,0.0798,0.0104,0.0014,False,False,False,False
leaf_rot,LeafRot930.jpg,0.0720,0.0116,0.0015,False,False,False,False
leaf_rot,LeafRot931.jpg,0.0608,0.0090,0.0009,False,False,False,False
leaf_rot,LeafRot933.jpg,0.0570,0.0063,0.0008,False,False,False,False
leaf_rot,LeafRot934.jpg,0.0521,0.0064,0.0011,False,False,False,False
leaf_rot,LeafRot936.jpg,0.0486,0.0055,0.0008,False,False,False,False
leaf_rot,LeafRot937.jpg,0.0537,0.0057,0.0010,False,False,False,False
leaf_rot,LeafRot938.jpg,0.0560,0.0079,0.0010,False,False,False,False
leaf_rot,LeafRot939.jpg,0.0597,0.0088,0.0013,False,False,False,False
leaf_rot,LeafRot941.jpg,0.0706,0.0156,0.0013,False,False,False,False
leaf_rot,LeafRot942.jpg,0.0696,0.0126,0.0012,False,False,False,False
leaf_rot,LeafRot943.jpg,0.0863,0.0243,0.0018,False,True,False,True
leaf_rot,LeafRot944.jpg,0.0788,0.0169,0.0018,False,False,False,False
leaf_rot,LeafRot945.jpg,0.0948,0.0167,0.0003,False,False,False,False
leaf_rot,LeafRot946.jpg,0.0956,0.0180,0.0009,False,False,False,False
leaf_rot,LeafRot947.jpg,0.0892,0.0340,0.0263,False,True,True,True
leaf_rot,LeafRot948.jpg,0.0911,0.0323,0.0263,False,True,True,True
leaf_rot,LeafRot949.jpg,0.0885,0.0317,0.0246,False,True,False,True
leaf_rot,LeafRot950.jpg,0.0971,0.0335,0.0236,False,True,False,True
leaf_rot,LeafRot956.jpg,0.0864,0.0316,0.0179,False,True,False,True
leaf_rot,LeafRot957.jpg,0.0855,0.0250,0.0137,False,True,False,True
leaf_rot,LeafRot958.jpg,0.0800,0.0215,0.0078,False,True,False,True
leaf_rot,LeafRot959.jpg,0.0836,0.0252,0.0052,False,True,False,True
leaf_rot,LeafRot960.jpg,0.0727,0.0191,0.0059,False,False,False,False
leaf_rot,LeafRot961.jpg,0.0574,0.0173,0.0047,False,False,False,False
leaf_rot,LeafRot962.jpg,0.0523,0.0202,0.0046,False,True,False,True
leaf_rot,LeafRot963.jpg,0.0457,0.0280,0.0044,False,True,False,True
leaf_rot,LeafRot965.jpg,0.0429,0.0278,0.0040,False,True,False,True
leaf_rot,LeafRot966.jpg,0.0386,0.0287,0.0064,False,True,False,True
leaf_rot,LeafRot967.jpg,0.0446,0.0288,0.0064,False,True,False,True
leaf_rot,LeafRot968.jpg,0.0412,0.0314,0.0060,False,True,False,True
leaf_rot,LeafRot969.jpg,0.0382,0.0327,0.0068,False,True,False,True
leaf_rot,LeafRot970.jpg,0.0426,0.0317,0.0091,False,True,False,True
leaf_rot,LeafRot971.jpg,0.0386,0.0255,0.0099,False,True,False,True
leaf_rot,LeafRot972.jpg,0.0389,0.0291,0.0100,False,True,False,True
leaf_rot,LeafRot973.jpg,0.1587,0.0838,0.2321,False,True,True,True
leaf_rot,LeafRot974.jpg,0.1542,0.0634,0.2260,False,True,True,True
leaf_rot,LeafRot976.jpg,0.1349,0.0712,0.2811,False,True,True,True
leaf_rot,LeafRot977.jpg,0.1357,0.0577,0.2578,False,True,True,True
leaf_rot,LeafRot978.jpg,0.1274,0.0611,0.2475,False,True,True,True
leaf_rot,LeafRot981.jpg,0.1216,0.0627,0.2809,False,True,True,True
leaf_rot,LeafRot982.jpg,0.1139,0.0609,0.3185,False,True,True,True
leaf_rot,LeafRot983.jpg,0.1209,0.0843,0.3257,False,True,True,True
leaf_rot,LeafRot984.jpg,0.1356,0.1013,0.2654,False,True,True,True
leaf_rot,LeafRot985.jpg,0.1580,0.1135,0.2115,False,True,True,True
leaf_rot,LeafRot986.jpg,0.1648,0.1577,0.1855,False,True,True,True
leaf_rot,LeafRot987.jpg,0.1795,0.1707,0.1611,False,True,True,True
leaf_rot,LeafRot988.jpg,0.1809,0.1690,0.1545,False,True,True,True
leaf_rot,LeafRot989.jpg,0.1849,0.1651,0.1538,False,True,True,True
leaf_rot,LeafRot990.jpg,0.1720,0.1468,0.1601,False,True,True,True
leaf_rot,LeafRot991.jpg,0.1625,0.1307,0.1834,False,True,True,True
leaf_rot,LeafRot992.jpg,0.1590,0.1368,0.2017,False,True,True,True
leaf_rot,LeafRot993.jpg,0.1534,0.1314,0.2046,False,True,True,True
leaf_rot,LeafRot995.jpg,0.1508,0.1091,0.2486,False,True,True,True
leaf_rot,LeafRot996.jpg,0.1598,0.0920,0.2440,False,True,True,True
leaf_rot,LeafRot997.jpg,0.1592,0.0769,0.2202,False,True,True,True
leaf_rot,LeafRot998.jpg,0.1501,0.0602,0.2162,False,True,True,True
leaf_rot,LeafRot999.jpg,0.1495,0.0634,0.1986,False,True,True,True
leaf_rot,Managing Grey Leaf Spot & Blight.jpg,0.0742,0.0048,0.1780,False,False,True,True
leaf_rot,Most Damaging diseases on coconut . . . . #coconut #coconutfarming #farmingtips .jpg,0.2628,0.0104,0.1215,True,False,True,True
leaf_rot,Multiplex Group (1).jpg,0.1570,0.0074,0.0146,False,False,False,False
leaf_rot,Multiplex Group.jpg,0.4688,0.0410,0.0149,True,True,False,True
leaf_rot,On an otherwise healthy coconut palm what are these brown spots all over the new.jpg,0.3765,0.0315,0.0006,True,True,False,True
leaf_rot,Online Plant Clinic (1).jpg,0.7897,0.1992,0.0005,True,True,False,True
leaf_rot,Online Plant Clinic (2).jpg,0.3511,0.0750,0.1203,True,True,True,True
leaf_rot,Online Plant Clinic (3).jpg,0.4921,0.2239,0.0715,True,True,True,True
leaf_rot,Online Plant Clinic (4).jpg,0.4406,0.0250,0.0087,True,True,False,True
leaf_rot,Online Plant Clinic.jpg,0.1942,0.1229,0.0795,False,True,True,True
leaf_rot,Our Care Guide for Coconut Palms!.jpg,0.5223,0.0037,0.0277,True,False,True,True
leaf_rot,PDF] Leaf Spots and Leaf Blights of Palm 1 _ Semantic Scholar.jpg,0.2441,0.0111,0.0135,False,False,False,False
leaf_rot,Page 31 _ Texture yellow leaf Images - Free Download on Magnific (formerly Freep.jpg,0.9714,0.1076,0.0123,True,True,False,True
leaf_rot,Pest devastation will drive coconut price ever higher _ Print Edition - The Sund.jpg,0.3824,0.0139,0.1334,True,False,True,True
leaf_rot,Pests & Diseases _ UC Agriculture and Natural Resources.jpg,0.4654,0.2846,0.0720,True,True,True,True
leaf_rot,Pests and Diseases Symptoms Versus Nutrient Deficiencies _ Springer Nature Link.jpg,0.3538,0.0422,0.0887,True,True,True,True
leaf_rot,Phytoplasma _ Global Plant Protection News.jpg,0.7965,0.0680,0.0205,True,True,False,True
leaf_rot,Plantation Crops _ Springer Nature Link.jpg,0.7505,0.0064,0.0063,True,False,False,True
leaf_rot,Plantwise Knowledge Bank.jpg,0.6987,0.0558,0.1014,True,True,True,True
leaf_rot,Please help! What is this white stuff under the leaves of my coconut trees_ Thes.jpg,0.0878,0.0024,0.0143,False,False,False,False
leaf_rot,Powdery Mildew Disease On Coconut Leaves Stock Photo 1555349300 _ Shutterstock.jpg,0.5758,0.0578,0.1007,True,True,True,True
leaf_rot,"Red and Black Color Bug on Coconut Leaf Stock Image - Image of grass, coconut_ 2.jpg",0.2422,0.0193,0.0508,False,False,True,True
leaf_rot,Small Oval Brown Leaf Spots Coconut Stock Photo 1657360564 _ Shutterstock.jpg,0.5639,0.1019,0.0204,True,True,False,True
leaf_rot,Small Oval Brown Leaf Spots Coconut Stockfoto 1657360564 _ Shutterstock (1).jpg,0.3036,0.0384,0.0131,True,True,False,True
leaf_rot,Small Oval Brown Leaf Spots Coconut Stockfoto 1657360564 _ Shutterstock.jpg,0.2195,0.0133,0.0889,False,False,True,True
leaf_rot,Snails on coconut palm - DISCUSSING PALM TREES WORLDWIDE - PalmTalk (1).jpg,0.0673,0.0054,0.0145,False,False,False,False
leaf_rot,Snails on coconut palm - DISCUSSING PALM TREES WORLDWIDE - PalmTalk.jpg,0.2256,0.0075,0.3403,False,False,True,True
leaf_rot,"Spots and Damage of Iris Leaf Stock Photo - Image of green, edges_ 292809234.jpg",0.0523,0.0305,0.0075,False,True,False,True
leaf_rot,TNAU Agritech Portal __ Crop Protection (1).jpg,0.6510,0.0817,0.0448,True,True,True,True
leaf_rot,TNAU Agritech Portal __ Crop Protection (2).jpg,0.2989,0.0688,0.1221,True,True,True,True
leaf_rot,TNAU Agritech Portal __ Crop Protection (3).jpg,0.3021,0.0580,0.0175,True,True,False,True
leaf_rot,TNAU Agritech Portal __ Crop Protection.jpg,0.5710,0.0384,0.0489,True,True,True,True
leaf_rot,This is coconut plant .please let me know the medicine regarding this disease. _.jpg,0.1247,0.0048,0.1346,False,False,True,True
leaf_rot,Types of coconut leaf diseases and its prevention.jpg,0.4264,0.0199,0.1729,True,False,True,True
leaf_rot,"Types of coconut tree diseases_ (a) Leaf rot, (b) Leaf spot _ Download Scientifi.jpg",0.2068,0.0132,0.0401,False,False,True,True
leaf_rot,What are these pests on my coconut palms_ _ r_gardening.jpg,0.4363,0.0805,0.0398,True,True,True,True
leaf_rot,What are white spots on coconut tree leaves_.jpg,0.3865,0.0221,0.0326,True,True,True,True
leaf_rot,What causes brown or yellow discoloration of coconut leaves_.jpg,0.2513,0.0895,0.1381,True,True,True,True
leaf_rot,What causes coconut leaf damage_ (1).jpg,0.0279,0.0256,0.0068,False,True,False,True
leaf_rot,What causes coconut leaf damage_.jpg,0.0399,0.0003,0.0333,False,False,True,True
leaf_rot,What is this on coconut leaves _ Community _ Plantix.jpg,0.6923,0.1435,0.2358,True,True,True,True
leaf_rot,What's causing brown spots on my dwarf coconut palm's fronds_.jpg,0.1811,0.0587,0.0528,False,True,True,True
leaf_rot,What's eating my coconut tree_ what should I do_ _ r_landscaping.jpg,0.1607,0.2995,0.1201,False,True,True,True
leaf_rot,Young coconut leaves hi-res stock photography and images - Alamy.jpg,0.3970,0.0526,0.1334,True,True,True,True
leaf_rot,Yucca Bugs_ Identifying and Treating This Yucca Pest.jpg,0.4794,0.0520,0.0278,True,True,True,True
leaf_rot,leaves - Cocos Nucifera big brown spot - Gardening & Landscaping Stack Exchange.jpg,0.4509,0.0439,0.0060,True,True,False,True
leaf_rot,leaves - Why is my Coconut Palm getting brown spots_ - Gardening & Landscaping S.jpg,0.1696,0.0015,0.0022,False,False,False,False
healthy,1 Kg Dried Coconut Leaves Cocos Nucifera Leaf Herb Stress Reduction Organic Tea .jpg,0.1755,0.0037,0.0591,False,False,True,True
healthy,"1,979 Coconut Leaflet Royalty-Free Images, Stock Photos & Pictures _ Shutterstoc.jpg",0.0094,0.0000,0.0116,False,False,False,False
healthy,"14,744 Coconut Leaves Stock Photos, High-Res Pictures, and Images - Getty Images.jpg",0.3955,0.0001,0.0134,True,False,False,True
healthy,3439932_png.rf.0324c87dab23fd2329fce9fa443ed405.jpg,0.0722,0.0000,0.1061,False,False,True,True
healthy,3439932_png.rf.64afbfef730ad159c0f30f036f8a5b86.jpg,0.0745,0.0000,0.0381,False,False,True,True
healthy,3439932_png.rf.da65f0924edb42274df2f57fa52fbfbe.jpg,0.0792,0.0000,0.0019,False,False,False,False
healthy,"422,335 Coconut Tree Leaf Royalty-Free Images, Stock Photos & Pictures _ Shutter.jpg",0.0651,0.0000,0.5357,False,False,True,True
healthy,"45,976 Coconut Leaf Close Royalty-Free Images, Stock Photos & Pictures _ Shutter.jpg",0.0463,0.0000,0.0219,False,False,False,False
healthy,"638,980 Coconut Leafs Royalty-Free Images, Stock Photos & Pictures _ Shutterstoc.jpg",0.0274,0.0002,0.0221,False,False,False,False
healthy,"8,934 Fresh Green Coconut Leaf Texture Stock Photos - Free & Royalty-Free Stock .jpg",0.2541,0.0019,0.0160,True,False,False,True
healthy,A close up photo of coconut leaf Stock Photo.jpg,0.3369,0.0055,0.0855,True,False,True,True
healthy,A close up view of a large palm leaf in he sunlight in Tangalle in Sri Lanka Sto.jpg,0.6471,0.0981,0.2362,True,True,True,True
healthy,A close-up of the texture on a green coconut leaves. The intricate details and n.jpg,0.0408,0.0002,0.0575,False,False,True,True
healthy,A close-up photograph of a green coconut leaf. Stock Photo.jpg,0.0523,0.0000,0.0057,False,False,False,False
healthy,A close-up texture of green coconut palm leaves creating diagonal lines. An abst.jpg,0.1232,0.0000,0.4932,False,False,True,True
healthy,A close-up view of a long green leaf. The leaf has a symmetrical pattern with ra.jpg,0.0156,0.0000,0.0210,False,False,False,False
healthy,A close-up view of a palm leaf - Free Photo on Unsplash.jpg,0.0540,0.0000,0.0276,False,False,True,True
healthy,"A close-up view of a tropical palm leaf with green fronds, photographed above so.jpg",0.6959,0.1492,0.0584,True,True,True,True
healthy,A coconut palm leaf (Cocos nucifera) in macro view. The leaf displays a vibrant .jpg,0.3159,0.0346,0.0859,True,True,True,True
healthy,"A dynamic and detailed close-up of two overlapping coconut palm fronds, creating.jpg",0.1203,0.0003,0.1325,False,False,True,True
healthy,Abstract Backlit Green Palm leaf detail background. photo.jpg,0.0007,0.0000,0.0000,False,False,False,False
healthy,Abstract close-up of green coconut palm leaf with natural striped pattern and su.jpg,0.2902,0.0000,0.1614,True,False,True,True
healthy,Abstract photo of a young coconut leaf Stock Photo.jpg,0.0275,0.0000,0.0008,False,False,False,False
healthy,Beautiful Green Coconut Leaf Texture in Nature Stock Photo.jpg,0.0011,0.0000,0.0043,False,False,False,False
healthy,Beautiful palm trees at the beach on the tropical paradise islands Seychelles. p.jpg,0.2064,0.0112,0.1694,False,False,True,True
healthy,Beautiful texture of dark green coconut tropical leaf .use us space for text or .jpg,0.0000,0.0000,0.0221,False,False,False,False
healthy,Bright coconut leaflet in morning light with natural blue sky background. Light .jpg,0.0000,0.0000,0.1161,False,False,True,True
healthy,"Bright green close up of coconut palm frond showing diagonal leaves in Niue, Pac.jpg",0.2005,0.0001,0.0448,False,False,True,True
healthy,Close Up Coconut Palm Leaf Texture as Natural Green Background Stock Photo.jpg,0.2995,0.0000,0.0001,True,False,False,True
healthy,Close Up Pattern of tropical coconut palm leaf Texture Stock Photo.jpg,0.0525,0.0000,0.0051,False,False,False,False
healthy,Close Up of Green Coconut Palm Leaf Texture with Natural Symmetrical Pattern Bac.jpg,0.1171,0.0022,0.1392,False,False,True,True
healthy,Close Up of Young Green Coconut Palm Leaf Pattern Stock Photo.jpg,0.7312,0.0006,0.0157,True,False,False,True
healthy,Close proximity to coconut leaves in the garden                                S (1).jpg,0.1740,0.0028,0.0036,False,False,False,False
healthy,Close proximity to coconut leaves in the garden                                S (2).jpg,0.1560,0.0000,0.0010,False,False,False,False
healthy,Close proximity to coconut leaves in the garden                                S.jpg,0.2164,0.0007,0.0000,False,False,False,False
healthy,Close to the surface of the coconut leaf                                Stock Ph (1).jpg,0.0253,0.0000,0.0000,False,False,False,False
healthy,Close to the surface of the coconut leaf                                Stock Ph.jpg,0.0361,0.0000,0.0067,False,False,False,False
healthy,"Close up Green coconut leaves, shallow depth of field,light and shadow Stock Pho.jpg",0.1081,0.0001,0.0539,False,False,True,True
healthy,Close up and top of Sago palm ( Cycad ) green leaf for abstract natural backgrou.jpg,0.0341,0.0030,0.0082,False,False,False,False
healthy,Close up coconut leaf pattern and texture background  Stock Photo (1).jpg,0.6739,0.0087,0.0001,True,False,False,True
healthy,Close up coconut leaf pattern and texture background  Stock Photo.jpg,0.5729,0.0006,0.0019,True,False,False,True
healthy,Close up coconut leaves at the middle rail. Green Leaf background. Stock Photo.jpg,0.0673,0.0000,0.0009,False,False,False,False
healthy,Close up coconut leaves texture  Stock Photo.jpg,0.0278,0.0083,0.0382,False,False,True,True
healthy,"Close up green coconut leaf texture, Abstract nature as background. Stock Photo.jpg",0.0196,0.0000,0.0022,False,False,False,False
healthy,Close up of  coconut green leaf Stock Photo.jpg,0.0589,0.0000,0.0000,False,False,False,False
healthy,Close up of Palm Leaf Stock Photo.jpg,0.8158,0.0191,0.0692,True,False,True,True
healthy,"Close up of a coconut leaf with a natural symmetrical pattern, showing fresh gre (1).jpg",0.5629,0.0000,0.0311,True,False,True,True
healthy,"Close up of a coconut leaf with a natural symmetrical pattern, showing fresh gre (2).jpg",0.6201,0.0135,0.1355,True,False,True,True
healthy,"Close up of a coconut leaf with a natural symmetrical pattern, showing fresh gre.jpg",0.6267,0.0238,0.0267,True,True,True,True
healthy,Close up of a fresh green coconut palm leaf texture pattern in nature. Stock Pho.jpg,0.1725,0.0000,0.0281,False,False,True,True
healthy,"Close up of a green coconut leaf with a natural symmetrical pattern, The concept.jpg",0.3586,0.0076,0.0063,True,False,False,True
healthy,Close up of a single young yellow-green coconut leaf pinnate growing outdoors un (1).jpg,0.0241,0.0000,0.0025,False,False,False,False
healthy,Close up of beautiful green coconut leaf bones planted in front of the house Sto.jpg,0.0836,0.0039,0.0097,False,False,False,False
healthy,"Close up of coconut leaf, Nature background Stock Photo.jpg",0.0754,0.0007,0.2461,False,False,True,True
healthy,Close up of fresh yellow green coconut palm fronds against bright sky Stock Phot.jpg,0.6384,0.0000,0.0076,True,False,False,True
healthy,Close up of green and yellow coconut palm frond showing geometric pattern. Stock.jpg,0.1356,0.0121,0.0051,False,False,False,False
healthy,Close up of green coconut leaf texture with natural sunlight Stock Photo.jpg,0.3560,0.0228,0.0521,True,True,True,True
healthy,Close up of green coconut palm leaf texture background with natural pattern Stoc.jpg,0.1065,0.0357,0.0094,False,True,False,True
healthy,Close up of green coconut palm leaf texture with natural lines and tropical plan.jpg,0.0679,0.0007,0.0627,False,False,True,True
healthy,Close up of green coconut palm leaf texture with natural lines. Tropical foliage.jpg,0.3638,0.0000,0.1927,True,False,True,True
healthy,Close up of green coconut palm leaf texture with natural pattern Close up view o.jpg,0.1451,0.0000,0.0024,False,False,False,False
healthy,"Close up of green coconut palm leaf with sunlight backlight, tropical foliage te.jpg",0.8012,0.0270,0.0017,True,True,False,True
healthy,Close up of green coconut tree leaf pattern with symmetrical leaflets.  Stock Ph (1).jpg,0.0945,0.0202,0.0013,False,True,False,True
healthy,Close up of green coconut tree leaf pattern with symmetrical leaflets.  Stock Ph.jpg,0.1787,0.0746,0.1480,False,True,True,True
healthy,Close up of green palm fronds in the summer sun.  Stock Photo.jpg,0.0583,0.0002,0.2101,False,False,True,True
healthy,Close up of green palm leaf with filigree contours photo.jpg,0.4593,0.0000,0.0017,True,False,False,True
healthy,Close up of vibrant green coconut palm leaf texture and pattern. Stock Photo (1).jpg,0.0034,0.0001,0.0141,False,False,False,False
healthy,Close up of vibrant green coconut palm leaf texture and pattern. Stock Photo (2).jpg,0.0042,0.0001,0.1195,False,False,True,True
healthy,Close up of vibrant green coconut palm leaf texture and pattern. Stock Photo (4).jpg,0.1724,0.0057,0.0934,False,False,True,True
healthy,Close up of vibrant green coconut palm leaf texture and pattern. Stock Photo (5).jpg,0.0237,0.0000,0.0648,False,False,True,True
healthy,Close up of vibrant green coconut palm leaf texture and pattern. Stock Photo (6).jpg,0.0125,0.0001,0.0577,False,False,True,True
healthy,Close up of vibrant green coconut palm leaf texture and pattern. Stock Photo.jpg,0.0022,0.0005,0.0201,False,False,False,False
healthy,Close up of young green coconut leaf with detailed texture and parallel veins. F.jpg,0.5650,0.0216,0.1807,True,True,True,True
healthy,Close up of young green coconut leaves showing detailed parallel vein patterns S.jpg,0.0613,0.0340,0.0553,False,True,True,True
healthy,Close up view of natural fresh green coconut leaf texture. Stock Photo (1).jpg,0.1088,0.0276,0.0905,False,True,True,True
healthy,Close up view of natural fresh green coconut leaf texture. Stock Photo (2).jpg,0.1457,0.0284,0.0798,False,True,True,True
healthy,Close up view of natural fresh green coconut leaf texture. Stock Photo.jpg,0.1645,0.0414,0.0714,False,True,True,True
healthy,Close-Up Green Coconut Palm Leaf TextureMacro shot of vibrant green coconut palm (1).jpg,0.3963,0.0000,0.0000,True,False,False,True
healthy,Close-Up Green Coconut Palm Leaf TextureMacro shot of vibrant green coconut palm.jpg,0.3995,0.0000,0.0000,True,False,False,True
healthy,Close-Up of Green Coconut Palm Leaf in Nature A close-up view of a green coconut.jpg,0.2518,0.0474,0.0442,True,True,True,True
healthy,Close-up abstract texture of a vibrant green coconut palm leaf with symmetrical .jpg,0.1255,0.0001,0.0637,False,False,True,True
healthy,Close-up coconut leaf texture for nature and environment background.   Stock Pho (1).jpg,0.1679,0.0005,0.1011,False,False,True,True
healthy,Close-up coconut leaf texture for nature and environment background.   Stock Pho (2).jpg,0.1033,0.0000,0.0336,False,False,True,True
healthy,Close-up coconut leaf texture for nature and environment background.   Stock Pho (3).jpg,0.0514,0.0000,0.1162,False,False,True,True
healthy,Close-up coconut leaf texture for nature and environment background.   Stock Pho (4).jpg,0.0080,0.0000,0.0349,False,False,True,True
healthy,Close-up coconut leaves background Stock Photo.jpg,0.0336,0.0006,0.0019,False,False,False,False
healthy,Close-up of a Coconut Tree Leaf 45759657 Stock Photo at Vecteezy.jpg,0.0121,0.0000,0.0105,False,False,False,False
healthy,Close-up of a Coconut Tree Leaf photo.jpeg,0.0483,0.0006,0.0127,False,False,False,False
healthy,"Close-up of a coconut (Cocos nucifera) palm leaf, showcasing vibrant green, line.jpg",0.0084,0.0000,0.0000,False,False,False,False
healthy,"Close-up of a coconut leaf (Cocos nucifera) showing elongated, parallel leaflets.jpg",0.0194,0.0000,0.0000,False,False,False,False
healthy,Close-up of a coconut leaf (Cocos nucifera) showing its pinnate structure with b.jpg,0.0266,0.0049,0.2022,False,False,True,True
healthy,Close-up of a coconut leaf (Cocos nucifera) with bright green fronds. The leaves.jpg,0.0981,0.0000,0.0993,False,False,True,True
healthy,Close-up of a coconut leaf with natural line patterns and detailed green texture.jpg,0.0198,0.0003,0.1182,False,False,True,True
healthy,"Close-up of a coconut palm leaf (Cocos nucifera) showing its long, slender, gree (1).jpg",0.0063,0.0000,0.0697,False,False,True,True
healthy,"Close-up of a coconut palm leaf (Cocos nucifera) showing its long, slender, gree.jpg",0.0029,0.0000,0.6952,False,False,True,True
healthy,Close-up of a coconut palm leaf (Cocos nucifera) with visible raindrops Stock Ph.jpg,0.0063,0.0000,0.2757,False,False,True,True
healthy,Close-up of a fresh green coconut leaf with visible water droplets after rain. N.jpg,0.1404,0.0018,0.0464,False,False,True,True
healthy,Close-up of a fresh green coconut palm leaf with detailed texture and natural pa.jpg,0.0321,0.0000,0.0000,False,False,False,False
healthy,Close-up of a fresh green palm leaf frond showing natural symmetrical line patte.jpg,0.0054,0.0000,0.0007,False,False,False,False
healthy,"Close-up of a green Coconut leaf showing symmetrical patterns and fine textures,.jpg",0.1498,0.0003,0.2144,False,False,True,True
healthy,"Close-up of a green coconut palm leaf against a blue sky, set against a beautifu (1).jpg",0.0637,0.0000,0.2195,False,False,True,True
healthy,Close-up of a green coconut palm leaf showing repeating tropical leaf patterns a.jpg,0.0276,0.0026,0.5460,False,False,True,True
healthy,"Close-up of a green palm leaf illuminated by warm sunlight, creating a beautiful (1).jpg",0.1335,0.0159,0.1196,False,False,True,True
healthy,Close-up of a palm leaf showcasing vibrant green tones.  Stock Photo.jpg,0.2934,0.0000,0.0754,True,False,True,True
healthy,"Close-up of a palm tree leaf in Santa Barbara, California, USA Stock Photo.jpg",0.0426,0.0009,0.1224,False,False,True,True
healthy,Close-up of a vibrant green palm leaf with intricate veins and textures. Perfect.jpg,0.0764,0.0000,0.0035,False,False,False,False
healthy,Close-up of a vibrant green palm leaf with yellow midrib and sunlight photo.jpg,0.7519,0.0542,0.0013,True,True,False,True
healthy,Close-up of a young coconut seedling leaf growing in a tropical environment with.jpg,0.0010,0.0000,0.0021,False,False,False,False
healthy,Close-up of coconut palm leaves with blue skies and white clouds as a background.jpg,0.0002,0.0000,0.0195,False,False,False,False
healthy,Close-up of fresh green coconut leaf showing natural texture and lines. Stock Ph.jpg,0.1502,0.0021,0.0075,False,False,False,False
healthy,"Close-up of green coconut fronds with sunlit patterns. Leaves are long, narrow, .jpg",0.0019,0.0000,0.5576,False,False,True,True
healthy,Close-up of green coconut leaf background with symmetrical pattern against brigh.jpg,0.0765,0.0000,0.0489,False,False,True,True
healthy,Close-up of green coconut leaf texture Stock Photo.jpg,0.0298,0.0000,0.0875,False,False,True,True
healthy,"Close-up of green coconut leaf texture with a prominent yellow midrib, showing n.jpg",0.4105,0.0113,0.0147,True,False,False,True
healthy,Close-up of green coconut leaves texture. Nature background Stock Photo (1).jpg,0.1476,0.0000,0.1435,False,False,True,True
healthy,Close-up of green coconut leaves texture. Nature background Stock Photo.jpg,0.0557,0.0000,0.1053,False,False,True,True
healthy,Close-up of green coconut palm frond leaf texture with symmetric pattern Stock P.jpg,0.1471,0.0000,0.1114,False,False,True,True
healthy,Close-up of green palm leaf with symmetrical natural pattern and tropical foliag.jpg,0.1708,0.0380,0.0611,False,True,True,True
healthy,Close-up of vibrant green and yellow coconut palm leaf texture with natural sunl.jpg,0.2794,0.0011,0.0873,True,False,True,True
healthy,Close-up photo of a coconut leaf (Cocos nucifera) featuring natural texture and .jpg,0.0390,0.0011,0.0019,False,False,False,False
healthy,Close-up photo of coconut leaf texture and shape Stock Photo.jpg,0.3370,0.0051,0.0008,True,False,False,True
healthy,Close-up photo of natural linear textures on the surface of a fresh green coconu (1).jpg,0.2220,0.0000,0.0000,False,False,False,False
healthy,Close-up photo of natural linear textures on the surface of a fresh green coconu (2).jpg,0.3669,0.0000,0.0003,True,False,False,True
healthy,Close-up photo of natural linear textures on the surface of a fresh green coconu (3).jpg,0.3735,0.0000,0.0000,True,False,False,True
healthy,Close-up photo of natural linear textures on the surface of a fresh green coconu.jpg,0.0463,0.0064,0.0540,False,False,True,True
healthy,Close-up view of a young coconut palm leaf growing in a tropical garden. The fre.jpg,0.0477,0.0030,0.0894,False,False,True,True
healthy,Close-up view of coconut leaves in the garden                             Stock .jpg,0.0157,0.0009,0.0336,False,False,True,True
healthy,Close-up view of green palm leaves with bright sunlight natural texture and deta.jpg,0.3114,0.0637,0.0767,True,True,True,True
healthy,Close-up view of overlapping green coconut palm leaves (Cocos nucifera) laid out.jpg,0.0001,0.0000,0.0000,False,False,False,False
healthy,"Closeup green leaf of green palm  background, texture.  Stock Photo.jpg",0.0223,0.0000,0.0031,False,False,False,False
healthy,Coconut Diseases and Pest Infestations.jpg,0.2899,0.0041,0.0108,True,False,False,True
healthy,Coconut Leaf Close Up Detail for Soft Focus Concept Background photo.jpg,0.0397,0.0000,0.0125,False,False,False,False
healthy,Coconut Leaf Close Up Stock Photo.jpg,0.0403,0.0000,0.1852,False,False,True,True
healthy,Coconut Leaves - 75 Green Leaves NOT DRY Leaves. From South Florida Picked 10 Mi.jpg,0.0439,0.0000,0.0358,False,False,True,True
healthy,"Coconut Leaves Against Sunlight, Close Up View. Tropical Concept. Stock Photo.jpg",0.2153,0.0009,0.0130,False,False,False,False
healthy,Coconut Leaves Dried Palm Organic Natural Cocos Leaf 100_ Nucifera Ceylon 100_ _.jpg,0.2092,0.0049,0.1146,False,False,True,True
healthy,Coconut Palm Leaf Closeup Tropical Nature Background Stock Photo.jpg,0.2194,0.0041,0.0117,False,False,False,False
healthy,Coconut Palm leaves close up Stock Photo.jpg,0.1801,0.0106,0.6487,False,False,True,True
healthy,Coconut Tree Wet Leaves Stock Photo.jpg,0.1644,0.0055,0.0973,False,False,True,True
healthy,Coconut green leaves tree abstract background. Stock Photo.jpg,0.1433,0.0000,0.0028,False,False,False,False
healthy,Coconut leaf Stock Photo.jpg,0.6479,0.0001,0.0581,True,False,True,True
healthy,"Coconut leaf backlit sun,Green coconut leaf background abstract. coconut leaf cl.jpg",0.0524,0.0000,0.0042,False,False,False,False
healthy,Coconut leaf pattern detail. Coconut leaf structure pattern detail. Coconut leaf.jpg,0.1301,0.0126,0.0573,False,False,True,True
healthy,Coconut leaf structure. Green coconut leaf structure detail. Coconut leaf single.jpg,0.0137,0.0000,0.0000,False,False,False,False
healthy,Coconut leafs hi-res stock photography and images - Alamy.jpg,0.0982,0.0177,0.0888,False,False,True,True
healthy,"Coconut leaves are widely used for thatching roofs, making baskets, mats, brooms.jpg",0.4487,0.0001,0.0983,True,False,True,True
healthy,Coconut leaves close up of Coconut Sapling in natural background. Stock Photo.jpg,0.1402,0.0029,0.0008,False,False,False,False
healthy,Coconut leaves on a white background photo.jpg,0.2470,0.0068,0.0335,False,False,True,True
healthy,"Coconut leaves or Coconut fronds, Green plam leaves, Tropical fo Stock Photo.jpg",0.0568,0.0080,0.3310,False,False,True,True
healthy,Coconut leaves pattern. Tropical green palm leaf background with ray of sun. Sto.jpg,0.4722,0.0000,0.0029,True,False,False,True
healthy,"Coconut leaves, Coconut leaf background, craft material leaves. Coconut leaf sin (3).jpg",0.1973,0.0121,0.0097,False,False,False,False
healthy,"Coconut leaves, Coconut leaf background, craft material leaves. Coconut leaf sin (4).jpg",0.3171,0.0218,0.0426,True,True,True,True
healthy,"Coconut leaves, Coconut leaf background, craft material leaves. Coconut leaf sin (5).jpg",0.1940,0.0005,0.0014,False,False,False,False
healthy,"Coconut leaves, Coconut leaf background, craft material leaves. Coconut leaf sin.jpg",0.0908,0.0004,0.0290,False,False,True,True
healthy,Coconut leaves. Stock Photo.jpg,0.1290,0.0002,0.1514,False,False,True,True
healthy,Coconut palm leaf Stock Photo.jpg,0.0825,0.0062,0.0413,False,False,True,True
healthy,Dark green colour coconut leaf for modern design.  Graphic resource. Copy space .jpg,0.0000,0.0000,0.8406,False,False,True,True
healthy,"Detailed view of vibrant green palm fronds against a bright, airy background cre.jpg",0.9411,0.0011,0.0318,True,False,True,True
healthy,"Download free photo of Coconut,green,tropical,summer,nature - from needpix.jpg",0.0038,0.0006,0.0032,False,False,False,False
healthy,Extreme close up of a green palm leaf macro Stock Photo.jpg,0.0066,0.0000,0.1673,False,False,True,True
healthy,Extreme close-up of a fresh green coconut leaf texture with parallel linear patt.jpg,0.0580,0.0000,0.0073,False,False,False,False
healthy,Extreme close-up of green coconut palm leaf texture and pattern. Stock Photo.jpg,0.0501,0.0000,0.0224,False,False,False,False
healthy,File_A coconut palm leaf at Madhurawada.JPG - Wikimedia Commons.jpg,0.0804,0.0073,0.0425,False,False,True,True
healthy,Fresh coconut leaves Images - Free Download on Magnific (formerly Freepik).jpg,0.0187,0.0006,0.0036,False,False,False,False
healthy,Fresh coconut leaves background on coconut tree  Stock Photo.jpg,0.1399,0.0328,0.0456,False,True,True,True
healthy,"Fresh flowers from natural green that can brighten your eyes. Please buy it, It'.jpg",0.2563,0.0009,0.0047,True,False,False,True
healthy,"Green Coconut Leaf Background, Nature Stock Image - Image of beautiful, environm.jpg",0.0892,0.0000,0.1032,False,False,True,True
healthy,Green Leaf Natural Texture photo.jpg,0.0001,0.0000,0.0009,False,False,False,False
healthy,"Green Leaves of coconut tree,coconut leaf isolated with  light and shadow. Stock.jpg",0.0478,0.0000,0.3247,False,False,True,True
healthy,Green coconut leaf in nature Stock Photo - Alamy.jpg,0.0097,0.0001,0.2319,False,False,True,True
healthy,"Green coconut leaves ,select focus with shallow depth of field_ideal use for bac.jpg",0.3317,0.0002,0.0374,True,False,True,True
healthy,"Green coconut leaves, long and slender, with a stem in the middle, are popularly.jpg",0.2620,0.0107,0.3350,True,False,True,True
healthy,"Green coconut palm leaf texture with natural lines, tropical plant background St.jpg",0.1318,0.0075,0.0723,False,False,True,True
healthy,"Green coconut palm leaf, Tropical foliage pattern with elegant diagonal lines an.jpg",0.1724,0.0000,0.4750,False,False,True,True
healthy,"Green coconut tree leaf close-up, Green coconut leaf texture, Coconut leaf backg (1).jpg",0.0511,0.0000,0.1904,False,False,True,True
healthy,"Green coconut tree leaf close-up, Green coconut leaf texture, Coconut leaf backg.jpg",0.0975,0.0000,0.0859,False,False,True,True
healthy,Green leaves of a mature coconut tree Stock Photo.jpg,0.4696,0.0299,0.0809,True,True,True,True
healthy,Green palm leaf background close up photo.jpg,0.0364,0.0002,0.0015,False,False,False,False
healthy,Green palm leaf close-up Stock Photo.jpg,0.1558,0.0004,0.0494,False,False,True,True
healthy,Green palm leaves gently sway under bright sunlight in a tropical setting photo.jpg,0.0189,0.0000,0.0476,False,False,True,True
healthy,Green palm tree leaf closeup Stock Photo.jpg,0.0257,0.0026,0.3333,False,False,True,True
healthy,Healthy_leaf_1.jpg,0.1288,0.0010,0.1907,False,False,True,True
healthy,Healthy_leaf_10.jpg,0.1107,0.0004,0.1779,False,False,True,True
healthy,Healthy_leaf_100.jpg,0.4639,0.0927,0.0789,True,True,True,True
healthy,Healthy_leaf_101.jpg,0.4669,0.0968,0.0019,True,True,False,True
healthy,Healthy_leaf_101_jpg.rf.ad5d1bfb856b080f55e1bf10bb47620e.jpg,0.4276,0.0570,0.0598,True,True,True,True
healthy,Healthy_leaf_101_jpg.rf.bdec370c6099d364bb26efdf19c6f4d5.jpg,0.4226,0.0553,0.0555,True,True,True,True
healthy,Healthy_leaf_102.jpg,0.4179,0.0868,0.1009,True,True,True,True
healthy,Healthy_leaf_102_jpg.rf.8f0947cd5bc1967cbe5879013cd97e88.jpg,0.4007,0.0399,0.1162,True,True,True,True
healthy,Healthy_leaf_102_jpg.rf.d5ba4d7b8c5720adb19f46c432ce6b00.jpg,0.4504,0.0448,0.0469,True,True,True,True
healthy,Healthy_leaf_103.jpg,0.4131,0.0909,0.0022,True,True,False,True
healthy,Healthy_leaf_103_jpg.rf.a7ee1ab36dad3c67abeb01319114add8.jpg,0.4168,0.0554,0.0111,True,True,False,True
healthy,Healthy_leaf_103_jpg.rf.e9ed322cf7ca31a02e0859ee3801480f.jpg,0.3757,0.0523,0.0807,True,True,True,True
healthy,Healthy_leaf_104.jpg,0.3523,0.0937,0.0983,True,True,True,True
healthy,Healthy_leaf_104_jpg.rf.1b849b7761f6cdbe9ce5d98d3ad54877.jpg,0.3427,0.0615,0.0924,True,True,True,True
healthy,Healthy_leaf_104_jpg.rf.71ca602d29f4aaaa416a759d8796d5ea.jpg,0.3260,0.0580,0.1273,True,True,True,True
healthy,Healthy_leaf_105.jpg,0.4125,0.1024,0.0459,True,True,True,True
healthy,Healthy_leaf_105_jpg.rf.75ce35c32ac65f9e54b67335b02b07bc.jpg,0.3892,0.0585,0.0652,True,True,True,True
healthy,Healthy_leaf_105_jpg.rf.99828ba5cc79003fcba4f7254e5d21f9.jpg,0.4020,0.0636,0.0406,True,True,True,True
healthy,Healthy_leaf_106.jpg,0.3665,0.0856,0.0077,True,True,False,True
healthy,Healthy_leaf_106_jpg.rf.736cf629bc3b247f8cf19bd1b11c3094.jpg,0.3236,0.0467,0.0667,True,True,True,True
healthy,Healthy_leaf_106_jpg.rf.8b47d9c462dd91bdf763fe3558c801f0.jpg,0.3165,0.0461,0.0933,True,True,True,True
healthy,Healthy_leaf_107.jpg,0.4693,0.1322,0.0893,True,True,True,True
healthy,Healthy_leaf_107_jpg.rf.4acf3b273d73a255496d3f6c23d11a89.jpg,0.4737,0.1064,0.0623,True,True,True,True
healthy,Healthy_leaf_107_jpg.rf.9b2ee168ff1530f16bc671c732829e2c.jpg,0.4474,0.0868,0.0686,True,True,True,True
healthy,Healthy_leaf_108.jpg,0.4876,0.1238,0.1020,True,True,True,True
healthy,Healthy_leaf_109.jpg,0.5370,0.1220,0.0006,True,True,False,True
healthy,Healthy_leaf_109_jpg.rf.0a8e48d9e6aa6f495bfc53042ec28ac3.jpg,0.4622,0.0687,0.0920,True,True,True,True
healthy,Healthy_leaf_109_jpg.rf.adc48f3ae235947a02d527739b6f74ab.jpg,0.4565,0.0761,0.0924,True,True,True,True
healthy,Healthy_leaf_10_jpg.rf.2d3c1b2d7192c0c6aee7385ba42c9834.jpg,0.0688,0.0000,0.1899,False,False,True,True
healthy,Healthy_leaf_10_jpg.rf.35674b3e37ef89cf6f8c2d653cdb95e8.jpg,0.0651,0.0000,0.2170,False,False,True,True
healthy,Healthy_leaf_11.jpg,0.1194,0.0008,0.2277,False,False,True,True
healthy,Healthy_leaf_110.jpg,0.2601,0.0091,0.0610,True,False,True,True
healthy,Healthy_leaf_111.jpg,0.2662,0.0094,0.0614,True,False,True,True
healthy,Healthy_leaf_111_jpg.rf.23bfa0c7200d2c6d4bc6964e4a1f4048.jpg,0.1916,0.0025,0.0248,False,False,False,False
healthy,Healthy_leaf_111_jpg.rf.437798d6d422d12e744997798433bdcc.jpg,0.1941,0.0026,0.0919,False,False,True,True
healthy,Healthy_leaf_112.jpg,0.3271,0.0192,0.0040,True,False,False,True
healthy,Healthy_leaf_112_jpg.rf.4250f958174cb569875b1c28aee50e57.jpg,0.2803,0.0102,0.0004,True,False,False,True
healthy,Healthy_leaf_113.jpg,0.3041,0.0139,0.0055,True,False,False,True
healthy,Healthy_leaf_113_jpg.rf.469a898d7081a81b4ca871046b6edd05.jpg,0.2553,0.0037,0.0628,True,False,True,True
healthy,Healthy_leaf_113_jpg.rf.a6ed43746e535c63294c9e3c701b43e0.jpg,0.2567,0.0040,0.0167,True,False,False,True
healthy,Healthy_leaf_114.jpg,0.3023,0.0166,0.1132,True,False,True,True
healthy,Healthy_leaf_115.jpg,0.3017,0.0175,0.0943,True,False,True,True
healthy,Healthy_leaf_116.jpg,0.3453,0.0229,0.0059,True,True,False,True
healthy,Healthy_leaf_116_jpg.rf.3ddf175eb128811258ef84e259437c00.jpg,0.3008,0.0127,0.0120,True,False,False,True
healthy,Healthy_leaf_116_jpg.rf.f56ffc1aea6017382401572a17d10e04.jpg,0.2512,0.0114,0.0902,True,False,True,True
healthy,Healthy_leaf_117.jpg,0.3374,0.0003,0.0436,True,False,True,True
healthy,Healthy_leaf_118.jpg,0.3490,0.0007,0.0457,True,False,True,True
healthy,Healthy_leaf_119.jpg,0.3572,0.0007,0.0000,True,False,False,True
healthy,Healthy_leaf_11_jpg.rf.711e49b8a52cf2ff5c5d8a315eb8d120.jpg,0.0691,0.0002,0.2212,False,False,True,True
healthy,Healthy_leaf_11_jpg.rf.e4c11a48128c5a69ab7257efdf6fbcf5.jpg,0.0608,0.0002,0.2769,False,False,True,True
healthy,Healthy_leaf_12.jpg,0.0780,0.0008,0.4282,False,False,True,True
healthy,Healthy_leaf_120.jpg,0.3407,0.0010,0.0000,True,False,False,True
healthy,Healthy_leaf_121.jpg,0.3662,0.0017,0.0840,True,False,True,True
healthy,Healthy_leaf_121_jpg.rf.561586f1d537aa6fb87cbbc062696ded.jpg,0.3599,0.0016,0.0776,True,False,True,True
healthy,Healthy_leaf_121_jpg.rf.ae75fbaf3f3582f5f5b1706630bf74d6.jpg,0.3627,0.0010,0.0928,True,False,True,True
healthy,Healthy_leaf_122.jpg,0.4193,0.0021,0.0000,True,False,False,True
healthy,Healthy_leaf_123.jpg,0.3749,0.0018,0.0597,True,False,True,True
healthy,Healthy_leaf_13.jpg,0.1184,0.0010,0.2005,False,False,True,True
healthy,Healthy_leaf_13_jpg.rf.3a3762f72eb60331180dda839dc2ac31.jpg,0.0620,0.0000,0.2688,False,False,True,True
healthy,Healthy_leaf_13_jpg.rf.6dea4201412b0d171d033145e71c3aa4.jpg,0.0621,0.0001,0.2379,False,False,True,True
healthy,Healthy_leaf_14.jpg,0.2626,0.0022,0.1742,True,False,True,True
healthy,Healthy_leaf_14_jpg.rf.af2fe8576b48440d7c6a97ac285d0b19.jpg,0.1949,0.0013,0.2489,False,False,True,True
healthy,Healthy_leaf_14_jpg.rf.ddb95327bf3b2e8ef9dcf08e76de62b0.jpg,0.1778,0.0008,0.2512,False,False,True,True
healthy,Healthy_leaf_15.jpg,0.1657,0.0006,0.3023,False,False,True,True
healthy,Healthy_leaf_16.jpg,0.2470,0.0020,0.1935,False,False,True,True
healthy,Healthy_leaf_16_jpg.rf.995add8185fc67469802a3a5a9473a7e.jpg,0.1847,0.0009,0.2550,False,False,True,True
healthy,Healthy_leaf_16_jpg.rf.a8f6558ce96b0532ebf183b7e43c3ebb.jpg,0.1817,0.0005,0.2606,False,False,True,True
healthy,Healthy_leaf_17.jpg,0.1898,0.0013,0.2836,False,False,True,True
healthy,Healthy_leaf_17_jpg.rf.2978bcb31c30c5e863b555e48ed7b60d.jpg,0.1070,0.0006,0.2948,False,False,True,True
healthy,Healthy_leaf_17_jpg.rf.a328124ab02a2f1b6f7cf49a9c325e7a.jpg,0.1208,0.0003,0.2853,False,False,True,True
healthy,Healthy_leaf_18.jpg,0.2313,0.0023,0.1915,False,False,True,True
healthy,Healthy_leaf_19.jpg,0.2945,0.0020,0.1356,True,False,True,True
healthy,Healthy_leaf_19_jpg.rf.a9a979bc9898df89b0360fbd5833cf9a.jpg,0.2376,0.0003,0.1433,False,False,True,True
healthy,Healthy_leaf_19_jpg.rf.bf90576f14a57992a4068bd6fe87ce3c.jpg,0.2395,0.0003,0.2013,False,False,True,True
healthy,Healthy_leaf_1_jpg.rf.a85bae2940429fe4a52ddf1c03736b11.jpg,0.0767,0.0001,0.1548,False,False,True,True
healthy,Healthy_leaf_1_jpg.rf.fa25dc83949cbd8b52b7350c1988997a.jpg,0.0686,0.0001,0.1339,False,False,True,True
healthy,Healthy_leaf_2.jpg,0.1153,0.0008,0.2049,False,False,True,True
healthy,Healthy_leaf_20.jpg,0.2733,0.0012,0.1427,True,False,True,True
healthy,Healthy_leaf_20_jpg.rf.74bfed07c0af182974bf8b89324ceeb7.jpg,0.1908,0.0008,0.2038,False,False,True,True
healthy,Healthy_leaf_20_jpg.rf.d6620b782d865c3a00cf21fc0ea299d4.jpg,0.2148,0.0003,0.2056,False,False,True,True
healthy,Healthy_leaf_21.jpg,0.2018,0.0012,0.2672,False,False,True,True
healthy,Healthy_leaf_21_jpg.rf.a369b6093151b434476ef0b779ab3313.jpg,0.1524,0.0002,0.2198,False,False,True,True
healthy,Healthy_leaf_21_jpg.rf.ca3217ee6622de8c57399aba7968bcb4.jpg,0.1633,0.0003,0.2278,False,False,True,True
healthy,Healthy_leaf_22.jpg,0.2383,0.0012,0.2480,False,False,True,True
healthy,Healthy_leaf_23.jpg,0.2354,0.0020,0.2422,False,False,True,True
healthy,Healthy_leaf_23_jpg.rf.2bb63e7033bc718d8b983c450ecb57c6.jpg,0.2115,0.0012,0.2387,False,False,True,True
healthy,Healthy_leaf_23_jpg.rf.73c3b7e6ce283323dc423286667fc0b5.jpg,0.2177,0.0006,0.2364,False,False,True,True
healthy,Healthy_leaf_24.jpg,0.2786,0.0022,0.1954,True,False,True,True
healthy,Healthy_leaf_24_jpg.rf.2033b3d98c100d04cae6923645a75139.jpg,0.2227,0.0006,0.1732,False,False,True,True
healthy,Healthy_leaf_24_jpg.rf.e21023e9916b6e3aadd491d18e65fa89.jpg,0.2058,0.0004,0.1841,False,False,True,True
healthy,Healthy_leaf_25.jpg,0.2951,0.0023,0.1512,True,False,True,True
healthy,Healthy_leaf_25_jpg.rf.8cf8f18d21e955ac74a02cca15fb192e.jpg,0.1940,0.0003,0.2358,False,False,True,True
healthy,Healthy_leaf_25_jpg.rf.e6b5ce15a0d774635a7c09741965eee2.jpg,0.2345,0.0005,0.1623,False,False,True,True
healthy,Healthy_leaf_26.jpg,0.3332,0.0108,0.1064,True,False,True,True
healthy,Healthy_leaf_26_jpg.rf.07ed1c4a07315f2b57d31bb05f88c98a.jpg,0.3466,0.0027,0.1614,True,False,True,True
healthy,Healthy_leaf_26_jpg.rf.a7ccd22eefbc4a05978a3687bffc8be4.jpg,0.3818,0.0022,0.0984,True,False,True,True
healthy,Healthy_leaf_27.jpg,0.3168,0.0085,0.1396,True,False,True,True
healthy,Healthy_leaf_27_jpg.rf.72b1d2941d54dbc77dbe924bf09c8947.jpg,0.3599,0.0021,0.1618,True,False,True,True
healthy,Healthy_leaf_27_jpg.rf.cf98f1ea1394ecadbded1a8c0457a54a.jpg,0.3521,0.0022,0.1714,True,False,True,True
healthy,Healthy_leaf_28.jpg,0.3195,0.0095,0.1584,True,False,True,True
healthy,Healthy_leaf_29.jpg,0.2841,0.0101,0.1756,True,False,True,True
healthy,Healthy_leaf_2_jpg.rf.33a5777ad2ef2595a7f05e476eca8481.jpg,0.0524,0.0001,0.1707,False,False,True,True
healthy,Healthy_leaf_2_jpg.rf.d60283386bf31ebb517a1a0148eb1477.jpg,0.0197,0.0000,0.1346,False,False,True,True
healthy,Healthy_leaf_3.jpg,0.1197,0.0010,0.1425,False,False,True,True
healthy,Healthy_leaf_30.jpg,0.3320,0.0099,0.1055,True,False,True,True
healthy,Healthy_leaf_31.jpg,0.2544,0.0069,0.1957,True,False,True,True
healthy,Healthy_leaf_32.jpg,0.1907,0.0083,0.2244,False,False,True,True
healthy,Healthy_leaf_33.jpg,0.3231,0.0109,0.1247,True,False,True,True
healthy,Healthy_leaf_34.jpg,0.2668,0.0091,0.1715,True,False,True,True
healthy,Healthy_leaf_35.jpg,0.3610,0.0148,0.0521,True,False,True,True
healthy,Healthy_leaf_35_jpg.rf.430ceec920f4f2587fc9e1e75c974eb6.jpg,0.3801,0.0047,0.1048,True,False,True,True
healthy,Healthy_leaf_35_jpg.rf.44466f11533c15025b31eff3625f2380.jpg,0.3977,0.0047,0.1017,True,False,True,True
healthy,Healthy_leaf_36.jpg,0.2293,0.0411,0.1954,False,True,True,True
healthy,Healthy_leaf_36_jpg.rf.27afa315cb1a6e9af8a350cef80325ce.jpg,0.2467,0.0284,0.1795,False,True,True,True
healthy,Healthy_leaf_36_jpg.rf.fba6a21538394bb1ce92d91a32d788d0.jpg,0.2417,0.0284,0.1525,False,True,True,True
healthy,Healthy_leaf_37.jpg,0.2552,0.0493,0.1490,True,True,True,True
healthy,Healthy_leaf_37_jpg.rf.a36e51dc6a94943bf663a76ca8ac9f62.jpg,0.2610,0.0335,0.1582,True,True,True,True
healthy,Healthy_leaf_37_jpg.rf.a3df19d94fcb11cf3fce2c8eca6cfb52.jpg,0.2147,0.0167,0.1680,False,False,True,True
healthy,Healthy_leaf_38.jpg,0.2685,0.0474,0.0754,True,True,True,True
healthy,Healthy_leaf_38_jpg.rf.5c446fc2d17292118ff244a7b44aec4c.jpg,0.2550,0.0260,0.1360,True,True,True,True
healthy,Healthy_leaf_38_jpg.rf.f1d64df0f205d0364d380578d1599e96.jpg,0.2704,0.0270,0.1091,True,True,True,True
healthy,Healthy_leaf_39.jpg,0.2681,0.0385,0.0860,True,True,True,True
healthy,Healthy_leaf_39_jpg.rf.4bf730a0de48ca0efd8d3168da72eb91.jpg,0.2826,0.0236,0.1509,True,True,True,True
healthy,Healthy_leaf_39_jpg.rf.64f82677f28207cecb66ce75165e1b2b.jpg,0.2569,0.0254,0.1574,True,True,True,True
healthy,Healthy_leaf_3_jpg.rf.03b042454b3c4d0630f2836ee2442994.jpg,0.0775,0.0000,0.1803,False,False,True,True
healthy,Healthy_leaf_3_jpg.rf.48e67828d3c79dc2adea094605b4aef0.jpg,0.0652,0.0000,0.1639,False,False,True,True
healthy,Healthy_leaf_4.jpg,0.1496,0.0018,0.1739,False,False,True,True
healthy,Healthy_leaf_40.jpg,0.2550,0.0432,0.1155,True,True,True,True
healthy,Healthy_leaf_41.jpg,0.2617,0.0448,0.1080,True,True,True,True
healthy,Healthy_leaf_41_jpg.rf.b9ae904ac508966a7483499cbe1752d8.jpg,0.2556,0.0399,0.1260,True,True,True,True
healthy,Healthy_leaf_41_jpg.rf.bd939c201da50aa6e9e3426f9590063a.jpg,0.2590,0.0425,0.0994,True,True,True,True
healthy,Healthy_leaf_42.jpg,0.2576,0.0303,0.1690,True,True,True,True
healthy,Healthy_leaf_42_jpg.rf.12d22c00fe4ef227b779da77d0ccd09f.jpg,0.2858,0.0246,0.1169,True,True,True,True
healthy,Healthy_leaf_42_jpg.rf.74e42955723f372b98a6c438c318f438.jpg,0.2748,0.0226,0.1361,True,True,True,True
healthy,Healthy_leaf_43.jpg,0.2495,0.0236,0.1748,False,True,True,True
healthy,Healthy_leaf_43_jpg.rf.6af9ffda7bcc2f03a677d8ae5bc52761.jpg,0.2984,0.0137,0.1462,True,False,True,True
healthy,Healthy_leaf_43_jpg.rf.cabe4d168eac1df64059fce1e8e098a8.jpg,0.3186,0.0229,0.0988,True,True,True,True
healthy,Healthy_leaf_44.jpg,0.2593,0.0287,0.0911,True,True,True,True
healthy,Healthy_leaf_44_jpg.rf.7dab11d8fb1cd0deb864bda84cff4651.jpg,0.3073,0.0175,0.0824,True,False,True,True
healthy,Healthy_leaf_44_jpg.rf.e29dfc01e12123a39fd67fdf52c4a916.jpg,0.2976,0.0162,0.0993,True,False,True,True
healthy,Healthy_leaf_45.jpg,0.1615,0.0013,0.2517,False,False,True,True
healthy,Healthy_leaf_46.jpg,0.1579,0.0013,0.2785,False,False,True,True
healthy,Healthy_leaf_47.jpg,0.1714,0.0016,0.1905,False,False,True,True
healthy,Healthy_leaf_47_jpg.rf.07d98fb2ad375aa0e8007213aba5af5d.jpg,0.0823,0.0010,0.2708,False,False,True,True
healthy,Healthy_leaf_47_jpg.rf.f61678066bec4cb95b112ad2e6681a59.jpg,0.1111,0.0004,0.2352,False,False,True,True
healthy,Healthy_leaf_48.jpg,0.2792,0.2367,0.0923,True,True,True,True
healthy,Healthy_leaf_48_jpg.rf.42c118f09b2ae154027136f3812b6bd8.jpg,0.3685,0.1934,0.1081,True,True,True,True
healthy,Healthy_leaf_48_jpg.rf.ce5294b94c7da55efabaad3b4f5275af.jpg,0.4048,0.1795,0.0720,True,True,True,True
healthy,Healthy_leaf_49.jpg,0.2285,0.1020,0.1314,False,True,True,True
healthy,Healthy_leaf_49_jpg.rf.ecffd8c3c301aead42f5e3ed39e81734.jpg,0.2910,0.0821,0.0952,True,True,True,True
healthy,Healthy_leaf_49_jpg.rf.fc634bc7075d43022548ac125c6af6bb.jpg,0.3098,0.0712,0.0645,True,True,True,True
healthy,Healthy_leaf_4_jpg.rf.52a1af80c38741ae5c94bed6a969dc17.jpg,0.1245,0.0007,0.1944,False,False,True,True
healthy,Healthy_leaf_4_jpg.rf.d5646511017d2ea44e64c4921b0589e4.jpg,0.1498,0.0012,0.1614,False,False,True,True
healthy,Healthy_leaf_5.jpg,0.1923,0.0031,0.1626,False,False,True,True
healthy,Healthy_leaf_50.jpg,0.2586,0.1061,0.0423,True,True,True,True
healthy,Healthy_leaf_50_jpg.rf.e3b35ae1ba4f448ebe1c4c1c05201d4f.jpg,0.3368,0.0692,0.0466,True,True,True,True
healthy,Healthy_leaf_50_jpg.rf.f1944b9fa59e47ea10658e78ca9e7ac3.jpg,0.2860,0.0820,0.1040,True,True,True,True
healthy,Healthy_leaf_51.jpg,0.2475,0.0833,0.1081,False,True,True,True
healthy,Healthy_leaf_51_jpg.rf.596cc9f97a43a1ed7aca62d786afa202.jpg,0.2799,0.0568,0.1052,True,True,True,True
healthy,Healthy_leaf_51_jpg.rf.d95df4740a0ba24482ad87a063f15059.jpg,0.2827,0.0520,0.1276,True,True,True,True
healthy,Healthy_leaf_52.jpg,0.2902,0.0813,0.0786,True,True,True,True
healthy,Healthy_leaf_52_jpg.rf.b8a038ead921acada44f69c684ecc152.jpg,0.3420,0.0512,0.1197,True,True,True,True
healthy,Healthy_leaf_52_jpg.rf.ff696d4ddbad911aad897525cb42aa70.jpg,0.3648,0.0559,0.0781,True,True,True,True
healthy,Healthy_leaf_53.jpg,0.2814,0.0797,0.0702,True,True,True,True
healthy,Healthy_leaf_53_jpg.rf.4a89f3d075d1d53608deede860616c94.jpg,0.3264,0.0466,0.1197,True,True,True,True
healthy,Healthy_leaf_53_jpg.rf.e48d6f95e2c2f4333447d5e75bfbbdf4.jpg,0.3269,0.0462,0.1333,True,True,True,True
healthy,Healthy_leaf_54.jpg,0.2634,0.0726,0.0732,True,True,True,True
healthy,Healthy_leaf_55.jpg,0.2386,0.0766,0.1256,False,True,True,True
healthy,Healthy_leaf_55_jpg.rf.5e4fa158a95fd554619e7e593481f3c8.jpg,0.2895,0.0598,0.0939,True,True,True,True
healthy,Healthy_leaf_55_jpg.rf.66e06876dc6f9971036ab74ba9100aa3.jpg,0.2914,0.0542,0.1285,True,True,True,True
healthy,Healthy_leaf_56.jpg,0.2526,0.1005,0.1074,True,True,True,True
healthy,Healthy_leaf_56_jpg.rf.09fd593a29ff15effd1de4da14186d8d.jpg,0.3125,0.0807,0.1197,True,True,True,True
healthy,Healthy_leaf_56_jpg.rf.69c60e267038db58ef108a52b1214468.jpg,0.2793,0.0864,0.1237,True,True,True,True
healthy,Healthy_leaf_57.jpg,0.2532,0.0953,0.1261,True,True,True,True
healthy,Healthy_leaf_57_jpg.rf.39f7272910d236547de7934eb84927fc.jpg,0.2764,0.0774,0.1467,True,True,True,True
healthy,Healthy_leaf_57_jpg.rf.d456697fb8065d529ffd73d08bd2e56c.jpg,0.3106,0.0835,0.0913,True,True,True,True
healthy,Healthy_leaf_58.jpg,0.2843,0.0911,0.0506,True,True,True,True
healthy,Healthy_leaf_59.jpg,0.4742,0.0782,0.0959,True,True,True,True
healthy,Healthy_leaf_59_jpg.rf.123c4c8f8a87f720f937c7c75c7e4b4e.jpg,0.4560,0.0580,0.1615,True,True,True,True
healthy,Healthy_leaf_59_jpg.rf.3a844855e3ed499e91f4b7a00b425182.jpg,0.5507,0.0577,0.0866,True,True,True,True
healthy,Healthy_leaf_5_jpg.rf.4ff1ddb2ca584b8e085dafa9c3634e51.jpg,0.1408,0.0003,0.1189,False,False,True,True
healthy,Healthy_leaf_5_jpg.rf.8ee69a64e68e0f9309a89229a62a50ff.jpg,0.1475,0.0004,0.1518,False,False,True,True
healthy,Healthy_leaf_6.jpg,0.2101,0.0040,0.1135,False,False,True,True
healthy,Healthy_leaf_60.jpg,0.4512,0.0728,0.1468,True,True,True,True
healthy,Healthy_leaf_61.jpg,0.3585,0.0614,0.0998,True,True,True,True
healthy,Healthy_leaf_61_jpg.rf.39222540bfa7cc979b1fa29cf13df988.jpg,0.4188,0.0509,0.1248,True,True,True,True
healthy,Healthy_leaf_61_jpg.rf.8c4c6aa4890e4a849a657bb37d8cf429.jpg,0.4218,0.0517,0.1183,True,True,True,True
healthy,Healthy_leaf_62.jpg,0.2851,0.1817,0.1017,True,True,True,True
healthy,Healthy_leaf_63.jpg,0.1940,0.2047,0.1332,False,True,True,True
healthy,Healthy_leaf_64.jpg,0.2959,0.1964,0.0677,True,True,True,True
healthy,Healthy_leaf_64_jpg.rf.148ae4eeef875a2d284d9e236fd5f043.jpg,0.3588,0.1300,0.1205,True,True,True,True
healthy,Healthy_leaf_64_jpg.rf.fc41ce10ced3eedde2fe150f1c956874.jpg,0.3922,0.1368,0.0665,True,True,True,True
healthy,Healthy_leaf_65.jpg,0.3176,0.2815,0.1171,True,True,True,True
healthy,Healthy_leaf_66.jpg,0.2885,0.2946,0.1529,True,True,True,True
healthy,Healthy_leaf_66_jpg.rf.a4c16c242320a711c70a47fe23b33a92.jpg,0.3727,0.2651,0.1387,True,True,True,True
healthy,Healthy_leaf_66_jpg.rf.ca642ded20b5c11af4d84e9d0cf13e83.jpg,0.4041,0.2583,0.1366,True,True,True,True
healthy,Healthy_leaf_67.jpg,0.3265,0.2777,0.1174,True,True,True,True
healthy,Healthy_leaf_67_jpg.rf.07cbe975b05c3fbca0b53c380d74fd89.jpg,0.4350,0.1962,0.1730,True,True,True,True
healthy,Healthy_leaf_67_jpg.rf.1f702ddc0c18fbf255ec841fe6d1f523.jpg,0.4103,0.2086,0.1641,True,True,True,True
healthy,Healthy_leaf_68.jpg,0.3063,0.2643,0.1608,True,True,True,True
healthy,Healthy_leaf_68_jpg.rf.24062168c473cdaebcad25b8d77d6669.jpg,0.4380,0.2130,0.1258,True,True,True,True
healthy,Healthy_leaf_68_jpg.rf.cfb99740f3be874f1d924e07b7eb57a7.jpg,0.4257,0.2178,0.1361,True,True,True,True
healthy,Healthy_leaf_69.jpg,0.2318,0.1565,0.2499,False,True,True,True
healthy,Healthy_leaf_69_jpg.rf.95646de6e11c40571cee79a0d5245e2b.jpg,0.2706,0.0972,0.2498,True,True,True,True
healthy,Healthy_leaf_69_jpg.rf.f47e0b8ed63ad9812f5083fbb32808aa.jpg,0.2478,0.1101,0.2834,False,True,True,True
healthy,Healthy_leaf_6_jpg.rf.31aa99c8e3da07ff2d4b70e75cd737ab.jpg,0.1487,0.0007,0.1663,False,False,True,True
healthy,Healthy_leaf_6_jpg.rf.734e04333bb0025490fb6684fe624ad6.jpg,0.1317,0.0002,0.1105,False,False,True,True
healthy,Healthy_leaf_7.jpg,0.1605,0.0011,0.0108,False,False,False,False
healthy,Healthy_leaf_70.jpg,0.1910,0.1948,0.1852,False,True,True,True
healthy,Healthy_leaf_71.jpg,0.3188,0.1405,0.1854,True,True,True,True
healthy,Healthy_leaf_71_jpg.rf.d9f8e79b0b4db31724c3615fc78b049e.jpg,0.3564,0.0862,0.2203,True,True,True,True
healthy,Healthy_leaf_71_jpg.rf.e9f02a8f6e21711051f37b03d58860c2.jpg,0.3677,0.0902,0.1966,True,True,True,True
healthy,Healthy_leaf_72.jpg,0.3071,0.1399,0.1675,True,True,True,True
healthy,Healthy_leaf_73.jpg,0.3015,0.1242,0.2509,True,True,True,True
healthy,Healthy_leaf_74.jpg,0.0828,0.1620,0.1269,False,True,True,True
healthy,Healthy_leaf_74_jpg.rf.254a24e8570f3cbccb15d505c85a715a.jpg,0.1039,0.1533,0.1766,False,True,True,True
healthy,Healthy_leaf_74_jpg.rf.763c31eb5a535bb98c26231f7df4f473.jpg,0.1160,0.1674,0.1744,False,True,True,True
healthy,Healthy_leaf_75.jpg,0.0798,0.1459,0.2168,False,True,True,True
healthy,Healthy_leaf_75_jpg.rf.263539315fcb194af8879e722a4cce0a.jpg,0.1138,0.1697,0.1973,False,True,True,True
healthy,Healthy_leaf_75_jpg.rf.f14c44e66f5c41e488b773d7d74506ce.jpg,0.1097,0.1666,0.1878,False,True,True,True
healthy,Healthy_leaf_76.jpg,0.0745,0.1258,0.2162,False,True,True,True
healthy,Healthy_leaf_76_jpg.rf.7ca2506c49092a989fc5bd302393270f.jpg,0.1133,0.1618,0.1541,False,True,True,True
healthy,Healthy_leaf_76_jpg.rf.e75b97ef4da64d13fa71d418db25025f.jpg,0.1136,0.1624,0.1777,False,True,True,True
healthy,Healthy_leaf_77.jpg,0.0752,0.1083,0.2606,False,True,True,True
healthy,Healthy_leaf_77_jpg.rf.164fc0d971fa1b97b2b4cc3c28c51bd3.jpg,0.0958,0.1037,0.2045,False,True,True,True
healthy,Healthy_leaf_77_jpg.rf.d0ef158c34874bda2c3bce4be2a4dc2a.jpg,0.1030,0.1052,0.2379,False,True,True,True
healthy,Healthy_leaf_78.jpg,0.0851,0.1082,0.2078,False,True,True,True
healthy,Healthy_leaf_79.jpg,0.0859,0.1107,0.1719,False,True,True,True
healthy,Healthy_leaf_7_jpg.rf.536980f6c7831a0f0b4e9ebce7f74568.jpg,0.0925,0.0000,0.0691,False,False,True,True
healthy,Healthy_leaf_7_jpg.rf.c1dba42d0f12fdd6ed1b7551edf29ef7.jpg,0.0890,0.0002,0.1024,False,False,True,True
healthy,Healthy_leaf_8.jpg,0.1483,0.0008,0.0921,False,False,True,True
healthy,Healthy_leaf_80.jpg,0.0697,0.1049,0.2650,False,True,True,True
healthy,Healthy_leaf_80_jpg.rf.3e80ffc258fd265a7673eef122af5f76.jpg,0.0948,0.1009,0.2224,False,True,True,True
healthy,Healthy_leaf_80_jpg.rf.f6737cce43e8949bd0b28d9b01d4e8a0.jpg,0.0756,0.1002,0.2293,False,True,True,True
healthy,Healthy_leaf_81.jpg,0.0550,0.1318,0.2505,False,True,True,True
healthy,Healthy_leaf_81_jpg.rf.257b9a9fd4e7966e5f83d8cb3f33a615.jpg,0.0636,0.1216,0.2277,False,True,True,True
healthy,Healthy_leaf_81_jpg.rf.c97d5fe5199353fccad2497c25f1fca6.jpg,0.0537,0.1063,0.2177,False,True,True,True
healthy,Healthy_leaf_82.jpg,0.0792,0.1224,0.1785,False,True,True,True
healthy,Healthy_leaf_82_jpg.rf.8e755cd06780fe32ba6ce30ced9fa1a7.jpg,0.0820,0.0828,0.1906,False,True,True,True
healthy,Healthy_leaf_82_jpg.rf.96feb970512a55f53bcffebe8d5cc3fa.jpg,0.0975,0.1036,0.1653,False,True,True,True
healthy,Healthy_leaf_83.jpg,0.2269,0.2018,0.0604,False,True,True,True
healthy,Healthy_leaf_83_jpg.rf.7a30a22d1f2ea523d72c2b8c811bc1ab.jpg,0.2327,0.1406,0.1052,False,True,True,True
healthy,Healthy_leaf_83_jpg.rf.ebd4e1ee85706b8f21ae340dd48ca945.jpg,0.2337,0.1269,0.1279,False,True,True,True
healthy,Healthy_leaf_84.jpg,0.3047,0.0756,0.1270,True,True,True,True
healthy,Healthy_leaf_84_jpg.rf.31f62946d7cfebec3f5fa6abf8c14803.jpg,0.2677,0.0387,0.1179,True,True,True,True
healthy,Healthy_leaf_84_jpg.rf.6e3a6fa7943473e94db0018e0e3213ce.jpg,0.2726,0.0452,0.0784,True,True,True,True
healthy,Healthy_leaf_85.jpg,0.3606,0.0708,0.0017,True,True,False,True
healthy,Healthy_leaf_86.jpg,0.2878,0.0783,0.0406,True,True,True,True
healthy,Healthy_leaf_86_jpg.rf.042ab265377f011f5c3a898707dfb87b.jpg,0.2230,0.0409,0.0900,False,True,True,True
healthy,Healthy_leaf_86_jpg.rf.84deea99a6491b403a5d3dac3eec44da.jpg,0.2162,0.0364,0.0719,False,True,True,True
healthy,Healthy_leaf_87.jpg,0.3101,0.0497,0.0038,True,True,False,True
healthy,Healthy_leaf_87_jpg.rf.721384fc8176f76f74db09d5a81a63df.jpg,0.2857,0.0241,0.0058,True,True,False,True
healthy,Healthy_leaf_87_jpg.rf.d56b6647970e407e87ea0215c0ad9a97.jpg,0.2491,0.0186,0.0974,False,False,True,True
healthy,Healthy_leaf_88.jpg,0.2111,0.0123,0.1142,False,False,True,True
healthy,Healthy_leaf_89.jpg,0.2145,0.0211,0.0690,False,True,True,True
healthy,Healthy_leaf_89_jpg.rf.0ece61e9493925b3b66e272f4c06b1de.jpg,0.1489,0.0050,0.0688,False,False,True,True
healthy,Healthy_leaf_89_jpg.rf.c81aa2364ebd6ad501071c5dd3f0aa2b.jpg,0.1691,0.0086,0.0742,False,False,True,True
healthy,Healthy_leaf_8_jpg.rf.49770a799d6f732e6d0a44a86d56b8c4.jpg,0.0963,0.0004,0.0656,False,False,True,True
healthy,Healthy_leaf_8_jpg.rf.ec6cd5e2cdd4752cae3bd1496bdeb59f.jpg,0.0960,0.0002,0.0436,False,False,True,True
healthy,Healthy_leaf_9.jpg,0.1518,0.0010,0.0944,False,False,True,True
healthy,Healthy_leaf_90.jpg,0.2485,0.0224,0.0014,False,True,False,True
healthy,Healthy_leaf_90_jpg.rf.18d0cf5c9971acb8b2fdb3da473b03c3.jpg,0.2073,0.0085,0.0093,False,False,False,False
healthy,Healthy_leaf_90_jpg.rf.ea036bc5b8a362a582a970cfff9c8d49.jpg,0.1666,0.0075,0.0977,False,False,True,True
healthy,Healthy_leaf_91.jpg,0.2429,0.0201,0.0637,False,True,True,True
healthy,Healthy_leaf_92.jpg,0.2768,0.0209,0.0037,True,True,False,True
healthy,Healthy_leaf_92_jpg.rf.811e70d9c2a1dba6715edddfaef3480f.jpg,0.1828,0.0093,0.0832,False,False,True,True
healthy,Healthy_leaf_92_jpg.rf.fc3fbc6a8a9f625655a2afa5e37a1566.jpg,0.1964,0.0097,0.0375,False,False,True,True
healthy,Healthy_leaf_93.jpg,0.2046,0.0322,0.0715,False,True,True,True
healthy,Healthy_leaf_93_jpg.rf.09b2659869c1c656efc3d25721c44e23.jpg,0.1463,0.0204,0.0200,False,True,False,True
healthy,Healthy_leaf_93_jpg.rf.85147de91c396e8f9e81396793242c71.jpg,0.1592,0.0208,0.0279,False,True,True,True
healthy,Healthy_leaf_94.jpg,0.3583,0.0834,0.0901,True,True,True,True
healthy,Healthy_leaf_94_jpg.rf.117d9b15c6baf4186a5a506939da7576.jpg,0.3407,0.0477,0.0188,True,True,False,True
healthy,Healthy_leaf_94_jpg.rf.8be44fc83e81e451816001217fd4072d.jpg,0.3596,0.0458,0.0631,True,True,True,True
healthy,Healthy_leaf_95.jpg,0.3750,0.0820,0.0271,True,True,True,True
healthy,Healthy_leaf_95_jpg.rf.72b57c3a4485947607807604241b43c9.jpg,0.3424,0.0363,0.0613,True,True,True,True
healthy,Healthy_leaf_95_jpg.rf.bda28e8a360034a2f01fc32bc146240d.jpg,0.3532,0.0390,0.0414,True,True,True,True
healthy,Healthy_leaf_96.jpg,0.3780,0.0830,0.0037,True,True,False,True
healthy,Healthy_leaf_96_jpg.rf.1b1e62b66a66be569a0097d86b8c5b82.jpg,0.3373,0.0390,0.0468,True,True,True,True
healthy,Healthy_leaf_96_jpg.rf.29b705a30fe5cfada7a5d13957ea196e.jpg,0.3652,0.0542,0.0017,True,True,False,True
healthy,Healthy_leaf_96_jpg.rf.b8a22d1c0b2638bebd32f966f08cfda3.jpg,0.3630,0.0438,0.0016,True,True,False,True
healthy,Healthy_leaf_97.jpg,0.2744,0.0707,0.1072,True,True,True,True
healthy,Healthy_leaf_98.jpg,0.3405,0.0837,0.0028,True,True,False,True
healthy,Healthy_leaf_98_jpg.rf.1f4dfd38cfcfef9610f1396d97630e03.jpg,0.2755,0.0456,0.0438,True,True,True,True
healthy,Healthy_leaf_98_jpg.rf.bf24d00969fe9d7533af475d559edd19.jpg,0.2869,0.0514,0.0374,True,True,True,True
healthy,Healthy_leaf_99.jpg,0.2357,0.0629,0.1066,False,True,True,True
healthy,Healthy_leaf_9_jpg.rf.0cec8c9f0aaac42371ca5651dfce0c2d.jpg,0.0845,0.0001,0.1032,False,False,True,True
healthy,Healthy_leaf_9_jpg.rf.589cd3b18fc54c421e323c48e82f3124.jpg,0.0865,0.0002,0.0515,False,False,True,True
healthy,Horizontal image of palm leaf pattern with natural light. Stock Photo.jpg,0.1494,0.0011,0.0688,False,False,True,True
healthy,IMG_20240321_111301_jpg.rf.9561fc8cc13939366cc96870ae4f8c0b.jpg,0.0145,0.0001,0.0997,False,False,True,True
healthy,IMG_20240321_111301_jpg.rf.abf55bc90c0c2c507ba49f081d3cc225.jpg,0.0166,0.0002,0.0001,False,False,False,False
healthy,IMG_20240321_111301_jpg.rf.ad0d2ab5a9229f8b0691aa878a4fcad5.jpg,0.0166,0.0004,0.0481,False,False,True,True
healthy,IMG_20240321_111316_jpg.rf.273fc61a20f4cb52dae501c81fadcf39.jpg,0.0131,0.0014,0.0000,False,False,False,False
healthy,IMG_20240321_111316_jpg.rf.354a97789a6af12a821d3e73840f3b3c.jpg,0.0111,0.0014,0.0964,False,False,True,True
healthy,IMG_20240321_111316_jpg.rf.6ed2adb91e07e5d486b992e00efc1cc1.jpg,0.0114,0.0018,0.0183,False,False,False,False
healthy,IMG_20240321_111347_jpg.rf.7badb8e3127ab6219e4059781f8e2c74.jpg,0.0495,0.0078,0.0957,False,False,True,True
healthy,IMG_20240321_111347_jpg.rf.8ab3ea034cda0494ac9993971ffa8613.jpg,0.0616,0.0111,0.1247,False,False,True,True
healthy,IMG_20240321_111347_jpg.rf.ac3b9b61ccc1feb726f0040288dd6715.jpg,0.0559,0.0097,0.0712,False,False,True,True
healthy,IMG_20240321_111351_jpg.rf.6c410c50d0e77c195ab809e54e17fb4b.jpg,0.0677,0.0003,0.1725,False,False,True,True
healthy,IMG_20240321_111351_jpg.rf.7c1574726e6060c5f390ee6055c2e7f6.jpg,0.0609,0.0008,0.0994,False,False,True,True
healthy,IMG_20240321_111351_jpg.rf.90ad7669876c26742807b8db7bf686a2.jpg,0.0646,0.0005,0.1538,False,False,True,True
healthy,IMG_20240321_111427_jpg.rf.d33f980c5fa14ad481704e784cb8b523.jpg,0.0202,0.0079,0.0416,False,False,True,True
healthy,IMG_20240321_111434_jpg.rf.0ec5ef51101ec80ec26ea83674eb3f3e.jpg,0.0081,0.0050,0.0410,False,False,True,True
healthy,IMG_20240321_111434_jpg.rf.b1e3d49dc3fb09e77955ccb22a8d5c75.jpg,0.0068,0.0053,0.1310,False,False,True,True
healthy,IMG_20240321_111434_jpg.rf.e0fbd470bd9a7238e4844171d1764812.jpg,0.0078,0.0046,0.0661,False,False,True,True
healthy,IMG_20240321_111450_jpg.rf.26c37b1cf8b9864b52b5452d4fae15b7.jpg,0.0099,0.0009,0.1115,False,False,True,True
healthy,IMG_20240321_111450_jpg.rf.6a23a51fb9b1c883352e2ebbbae2910b.jpg,0.0098,0.0008,0.0282,False,False,True,True
healthy,IMG_20240321_111450_jpg.rf.abfa20eab2a1f0b06fa9a67659d13ef9.jpg,0.0128,0.0013,0.0549,False,False,True,True
healthy,IMG_20240321_111458_jpg.rf.2a3a2524c31a3daeffebc34e71a9c0d3.jpg,0.0047,0.0014,0.0242,False,False,False,False
healthy,IMG_20240321_111646_jpg.rf.4b9c61d32c3f31a3a7764bd5c57e0353.jpg,0.0580,0.0001,0.0522,False,False,True,True
healthy,IMG_20240321_111646_jpg.rf.b6b733521c07428f484ddd0826152536.jpg,0.0509,0.0000,0.1335,False,False,True,True
healthy,IMG_20240321_111646_jpg.rf.db545478addf8aa9f67b35e08a3f032e.jpg,0.0529,0.0000,0.1190,False,False,True,True
healthy,International Coconut Community.jpg,0.0553,0.0000,0.0898,False,False,True,True
healthy,"Large palm tree leaf, close-up. Green tropical plant texture. Copy Space Stock P.jpg",0.1813,0.0000,0.0010,False,False,False,False
healthy,Leaf vein pattern of coconut palm in macro for nature-themed visual photo.jpeg,0.4837,0.0011,0.0241,True,False,False,True
healthy,Leaves from young coconut trees.Beautiful tropical coconut leaves background. Le.jpg,0.1929,0.0085,0.1014,False,False,True,True
healthy,Leaves of coconut trees in the tropics Stock Photo.jpg,0.6884,0.0009,0.0044,True,False,False,True
healthy,Lush Green Palm Fronds Texture photo.jpg,0.2687,0.0005,0.0364,True,False,True,True
healthy,Lush green palm leaves tropical forest close-up nature natural light serenity ph (1).jpg,0.1588,0.0000,0.0477,False,False,True,True
healthy,Macro Texture of Backlit Green Coconut Palm Leaf Stock Photo.jpg,0.2181,0.0001,0.0123,False,False,False,False
healthy,Macro Texture of Fresh Green Coconut Palm Leaf with Symmetrical Lines Stock Phot.jpg,0.0797,0.0000,0.0000,False,False,False,False
healthy,Macro close up of a vibrant green coconut leaf with glossy parallel lines and na.jpg,0.0104,0.0000,0.0130,False,False,False,False
healthy,Macro close-up of fresh vibrant green palm or coconut frond leaf texture and lin.jpg,0.5306,0.0000,0.0000,True,False,False,True
healthy,"Macro shot of vibrant green palm leaves against a bright blue sky, showcasing th.jpg",0.0251,0.0027,0.1157,False,False,True,True
healthy,Multiple palm leaves overlapping each other.   Stock Photo (1).jpg,0.0750,0.0000,0.0060,False,False,False,False
healthy,Natural Green Coconut Leaf Texture with Detailed Lines.High-resolution close-up .jpg,0.0000,0.0000,0.0133,False,False,False,False
healthy,"Palm Leaf, Tropical palm leaves, green floral background  Stock Photo.jpg",0.0001,0.0000,0.0013,False,False,False,False
healthy,"Palm Leave Stock Photos, Images and Backgrounds for Free Download.jpg",0.0198,0.0000,0.1879,False,False,True,True
healthy,"Palm leaf striped background, Green tropical natural lines, Bottom-up view throu.jpg",0.3587,0.0013,0.0219,True,False,False,True
healthy,Palm leaf texture close up Stock Photo.jpg,0.6638,0.0000,0.0022,True,False,False,True
healthy,"Palm leaf texture isolated on clear sky. Green tropical foliage, natural backgro.jpg",0.3100,0.0242,0.1504,True,True,True,True
healthy,Palm leaves background. Green leaves wallpaper. Exotic jungle foliage. Leaves tr.jpg,0.2456,0.0027,0.0143,False,False,False,False
healthy,Palm leaves close up Stock Photo.jpg,0.1216,0.0000,0.1693,False,False,True,True
healthy,Palm leaves in the beach Stock Photo.jpg,0.6982,0.0063,0.0214,True,False,False,True
healthy,Palm leaves on a natural background. Stock Photo.jpg,0.0268,0.0000,0.0027,False,False,False,False
healthy,"Palm tree leaves are under  light blue sky, natural background photo  Stock Phot.jpg",0.1284,0.0000,0.0456,False,False,True,True
healthy,Photo of young coconut leaves visible up close in fresh green Stock Photo.jpg,0.0902,0.0000,0.0010,False,False,False,False
healthy,Rays of the sun through palm leaves. Soft focus. Jungle nature. Close-up of a sa (1).jpg,0.0413,0.0000,0.0020,False,False,False,False
healthy,Rays of the sun through palm leaves. Soft focus. Jungle nature. Close-up of a sa.jpg,0.3368,0.0002,0.0467,True,False,True,True
healthy,Selective focus closed up tropical summer green coconut or palm leaf dark tone b.jpg,0.0124,0.0030,0.3804,False,False,True,True
healthy,"Striped of palm leaf, Abstract green texture from nature background. photo.jpg",0.2635,0.0296,0.0764,True,True,True,True
healthy,"Striped of palm leaves, Abstract green texture background, strong curve tone, na.jpg",0.0704,0.0019,0.0329,False,False,True,True
healthy,Stunning dramatic macro shot of a green coconut palm leaf with dynamic perspecti.jpg,0.2660,0.0019,0.6144,True,False,True,True
healthy,Sunlight and Shadows on a Curved Green and Yellow Palm Frond. Stock Photo.jpg,0.7735,0.0093,0.1788,True,False,True,True
healthy,Symmetrical close-up of a fresh green coconut leaf with water drops on its surfa.jpg,0.0083,0.0000,0.2586,False,False,True,True
healthy,Symmetrical young coconut palm leaf with green fronds and yellow midrib in tropi.jpg,0.2355,0.0007,0.0013,False,False,False,False
healthy,The Coconut palm trees isolated on white background. This has clipping path. Sto.jpg,0.0295,0.0000,0.0217,False,False,False,False
healthy,"The coconut leaves are slender with a ribbed texture, displaying a linear patter.jpg",0.0498,0.0000,0.0878,False,False,True,True
healthy,"The green coconut leaf is long, narrow, and beautifully curved. It grows from th.jpg",0.0026,0.0000,0.0008,False,False,False,False
healthy,"The palm branch, or palm frond, is a symbol of victory, triumph, peace, and eter.jpg",0.1584,0.0411,0.0114,False,True,False,True
healthy,The pattern on the leaves of palm leaves photo.jpg,0.3149,0.0000,0.0000,True,False,False,True
healthy,"The photo showcases a close-up, symmetrical view of a coconut leaf, technically .jpg",0.1702,0.0013,0.0030,False,False,False,False
healthy,The structure of coconut tree leaves arranged to form a natural green background.jpg,0.0438,0.0000,0.0066,False,False,False,False
healthy,This coconut leaf motif is really interesting and great for a background._ Stock.jpg,0.1757,0.0074,0.1555,False,False,True,True
healthy,"This plant has leaves that are very similar to coconut leaves, but in fact they .jpg",0.0970,0.0018,0.0134,False,False,False,False
healthy,Top-view close-up of a young coconut palm frond (Cocos nucifera) in a garden. Na.jpg,0.5373,0.0641,0.0401,True,True,True,True
healthy,Tropical palm tree scenery Miami Stock Photo.jpg,0.1330,0.0005,0.2367,False,False,True,True
healthy,Two Black Ants meet on the yellow stem of coconut leaf Stock Photo.jpg,0.0828,0.0000,0.0020,False,False,False,False
healthy,Under coconut leaves and stalk at tropical beach. Closeup palm tree. Coconut lea.jpg,0.1025,0.0035,0.0393,False,False,True,True
healthy,"Under the palm leaf, shooting from below, where the sunlight hits  beautiful gre.jpg",0.0226,0.0000,0.0010,False,False,False,False
healthy,Vertical Green Coconut Leaf Texture with Fresh Raindrops After Rain -  Natural T.jpg,0.1489,0.0000,0.0246,False,False,False,False
healthy,"Vertical close-up shot of a vibrant green coconut palm tree seedling leaf, showi.jpg",0.0088,0.0001,0.3994,False,False,True,True
healthy,"Vibrant close-up of a palm leaf, showcasing its intricate structure with sunligh.jpg",0.0502,0.0000,0.0118,False,False,False,False
healthy,Vibrant coconut palm leaf in focus with a blurred turquoise ocean and horizon ba.jpg,0.2433,0.0390,0.0267,False,True,True,True
healthy,Young Coconut Leaves Look Very Healthy Stock Photo 2316466467 _ Shutterstock.jpg,0.0077,0.0000,0.0536,False,False,True,True
healthy,Young Green Coconut Leaves in Close Up Shot photo.jpg,0.0978,0.0024,0.0816,False,False,True,True
healthy,Young Green Coconut Leaves in Close Up Shot when exposed to sunlight Stock Photo.jpg,0.3438,0.0149,0.0776,True,False,True,True
healthy,Young green coconut palm leaf with grasshopper in tropical rural area representi.jpg,0.5712,0.1741,0.0587,True,True,True,True
healthy,a section of a pinnately compound leaf that closely resembles the structure of a.jpg,0.2917,0.0179,0.0382,True,False,True,True
healthy,a very close up shot on a palm tree leaf.jpg,0.0680,0.0003,0.4167,False,False,True,True
healthy,background of green coconut leaf Stock Photo.jpg,0.0507,0.0000,0.0008,False,False,False,False
healthy,close up coconut leaf texture background Stock Photo.jpg,0.4136,0.0173,0.0355,True,False,True,True
healthy,"close up coconut leaf with sunlight and shadow in the park, blue color tone Stoc.jpg",0.0000,0.0000,0.7050,False,False,True,True
healthy,close up coconut leaves texture on the tree at the forest Stock Photo.jpg,0.0925,0.0002,0.1122,False,False,True,True
healthy,close up green coconut leaf texture Stock Photo (1).jpg,0.0288,0.0000,0.1019,False,False,True,True
healthy,close up green coconut leaf texture Stock Photo (2).jpg,0.1772,0.0016,0.5379,False,False,True,True
healthy,close up green coconut leaf texture Stock Photo (3).jpg,0.0336,0.0000,0.3849,False,False,True,True
healthy,close up green coconut leaf texture Stock Photo (4).jpg,0.0728,0.0000,0.0014,False,False,False,False
healthy,close up green coconut leaf texture Stock Photo.jpg,0.0537,0.0000,0.1930,False,False,True,True
healthy,close up green coconut leaf texture background Stock Photo.jpg,0.0001,0.0000,0.0006,False,False,False,False
healthy,"close up green palm leaf texture, leaf of Bottle Plam tree ( Hyophorbe lagenicau.jpg",0.2928,0.0734,0.1723,True,True,True,True
healthy,close up of a coconut leaf texture Stock Photo.jpg,0.1751,0.0000,0.0826,False,False,True,True
healthy,close up of coconut leaves for green background Stock Photo.jpg,0.1071,0.0000,0.0018,False,False,False,False
healthy,close up of the coconut leaf Stock Photo.jpg,0.0002,0.0000,0.0243,False,False,False,False
healthy,close up portrait of coconut leaf shoots Stock Photo.jpg,0.2109,0.0000,0.6490,False,False,True,True
healthy,close up view of coconut leaf Stock Photo.jpg,0.0366,0.0000,0.0000,False,False,False,False
healthy,close up view of nice green coconut leaf Stock Photo (1).jpg,0.0713,0.0000,0.0106,False,False,False,False
healthy,close up view of nice green coconut leaf Stock Photo (2).jpg,0.4736,0.0019,0.0927,True,False,True,True
healthy,close up view of nice green coconut leaf Stock Photo (3).jpg,0.0521,0.0001,0.0098,False,False,False,False
healthy,close up view of nice green coconut leaf Stock Photo.jpg,0.2364,0.0000,0.0380,False,False,True,True
healthy,close up young green coconut leaf texture Stock Photo.jpg,0.0001,0.0000,0.1008,False,False,True,True
healthy,close-up detail of green coconut leaves Stock Photo.jpg,0.0975,0.0000,0.1538,False,False,True,True
healthy,coconut   (112).jpeg,0.0390,0.0084,0.1620,False,False,True,True
healthy,coconut   (32).jpg,0.0023,0.0000,0.0020,False,False,False,False
healthy,coconut   (40).jpg,0.0002,0.0000,0.0086,False,False,False,False
healthy,coconut   (7).jpg,0.0790,0.0021,0.2933,False,False,True,True
healthy,coconut   (83).jpeg,0.0524,0.0015,0.1637,False,False,True,True
healthy,coconut leaves pattern close up background Stock Photo (1).jpg,0.2243,0.0067,0.0081,False,False,False,False
healthy,coconut palm tree leaf close up on the white sand Stock Photo.jpg,0.7947,0.0004,0.0802,True,False,True,True
healthy,coconut-2837469_640_jpg.rf.869e943cb1cb25382e384d82380bdb0a.jpg,0.0008,0.0000,0.0018,False,False,False,False
healthy,coconut-495277_640_jpg.rf.4296ca0a644f4e261dffb7e1adff8e15.jpg,0.0154,0.0001,0.2720,False,False,True,True
healthy,coconut-495277_640_jpg.rf.78cfdfc5ef9cdf8879f03e6baba6605c.jpg,0.0185,0.0000,0.2664,False,False,True,True
healthy,coconut-495277_640_jpg.rf.daa44ed1bcb7dfd9bd31389e95e2177c.jpg,0.0193,0.0001,0.2492,False,False,True,True
healthy,coconut-leaf-2212621_640_jpg.rf.612e5c8a4d114a0ff90201695ce9b227.jpg,0.0662,0.0001,0.0931,False,False,True,True
healthy,coconut-leaf-2212621_640_jpg.rf.b4023d3c37f74cf83ab2c6ef19a34d61.jpg,0.0670,0.0002,0.0973,False,False,True,True
healthy,coconut-leaf-2212621_640_jpg.rf.dcc3103b80b229342ac20e527c64e9f6.jpg,0.0676,0.0001,0.0036,False,False,False,False
healthy,coconut-leaf-2212624_640_jpg.rf.1b0667ab27d5c126aa3be7a11cfafdf1.jpg,0.0364,0.0000,0.0477,False,False,True,True
healthy,coconut-leaf-2212624_640_jpg.rf.bbe48cd9352fbd3665fc23f4b6b5e58d.jpg,0.0196,0.0000,0.0235,False,False,False,False
healthy,coconut-leaf-2212624_640_jpg.rf.d3f3a5d6fb9e449cb3fe1be1017a7504.jpg,0.0357,0.0000,0.0150,False,False,False,False
healthy,fresh palm tree leaves photo.jpg,0.0248,0.0001,0.0046,False,False,False,False
healthy,green coconut leaves background Stock Photo.jpg,0.0682,0.0000,0.0389,False,False,True,True
healthy,green coconut leaves ready to be woven Stock Photo.jpg,0.0611,0.0000,0.0214,False,False,False,False
healthy,green palm leaves close-up Stock Photo.jpg,0.4237,0.0065,0.0105,True,False,False,True
healthy,leaf-1150072_640_jpg.rf.64489dac1dd67c5d2e98607efb9abc75.jpg,0.0500,0.0000,0.1188,False,False,True,True
healthy,leaf-1150072_640_jpg.rf.907b78223e7c36655ed8861d175c20e5.jpg,0.0470,0.0000,0.1429,False,False,True,True
healthy,leaf-1150072_640_jpg.rf.b5a0b6feb6c24f2a03341bcda9eab294.jpg,0.0529,0.0000,0.0585,False,False,True,True
healthy,leaves green background Stock Photo.jpg,0.0520,0.0005,0.0248,False,False,False,False
healthy,leaves-8069257_640_jpg.rf.0f1e178bd8e6b116e7e48f5ce41d36e4.jpg,0.0924,0.0000,0.1351,False,False,True,True
healthy,leaves-8069257_640_jpg.rf.1d96b7a62f2edaab9ab15bef012cb452.jpg,0.0825,0.0000,0.2227,False,False,True,True
healthy,leaves-8069257_640_jpg.rf.a914af061e54fa68e5dcc0a11c144b45.jpg,0.0933,0.0000,0.2073,False,False,True,True
healthy,"palm leaf, green texture for wallpaper close-up Stock Photo.jpg",0.0007,0.0000,0.0043,False,False,False,False
healthy,palm tree close up under blue sky  blooming gives relaxing calm natural feeling..jpg,0.2202,0.0132,0.1787,False,False,True,True
healthy,palm-1606505_640_jpg.rf.197f2af5ab75b8b048d11d6f6a6ec4b3.jpg,0.0000,0.0000,0.0624,False,False,True,True
healthy,palm-1606505_640_jpg.rf.f7e5da3ede62e94feb9cf5e3099bff07.jpg,0.0000,0.0000,0.0432,False,False,True,True
healthy,palm-2775726_640_jpg.rf.9ffec46668a66d321a01d60b5eac3e83.jpg,0.0166,0.0000,0.1482,False,False,True,True
healthy,palm-2775726_640_jpg.rf.c21cb00ee69ea3ce0304d0bbcd321232.jpg,0.0113,0.0000,0.1712,False,False,True,True
healthy,palm-2775726_640_jpg.rf.f49f88078270ec4a1bc16c0410cdcf95.jpg,0.0140,0.0001,0.1439,False,False,True,True
healthy,selective fogus of coconut leaves texture background                            .jpg,0.1389,0.0000,0.2431,False,False,True,True
healthy,side view of a green coconut palm leaf Stock Photo.jpg,0.0020,0.0000,0.0010,False,False,False,False
healthy,"sugar palm leaf texture, abstract background photo.jpg",0.0000,0.0000,0.0000,False,False,False,False
healthy,texture of leaf coconut Stock Photo.jpg,0.0005,0.0000,0.0015,False,False,False,False
healthy,thumb (1).jpg,0.3284,0.0073,0.0379,True,False,True,True
healthy,thumb (10).jpg,0.0052,0.0003,0.0003,False,False,False,False
healthy,thumb (100).jpg,0.0072,0.0000,0.0003,False,False,False,False
healthy,thumb (11).jpg,0.0967,0.0032,0.0018,False,False,False,False
healthy,thumb (12).jpg,0.2115,0.0710,0.0003,False,True,False,True
healthy,thumb (13).jpg,0.8849,0.0000,0.0001,True,False,False,True
healthy,thumb (14).jpg,0.6333,0.0004,0.0278,True,False,True,True
healthy,thumb (15).jpg,0.2137,0.0292,0.0007,False,True,False,True
healthy,thumb (16).jpg,0.6044,0.0000,0.0252,True,False,False,True
healthy,thumb (17).jpg,0.5213,0.0135,0.0001,True,False,False,True
healthy,thumb (18).jpg,0.5799,0.0002,0.0250,True,False,False,True
healthy,thumb (19).jpg,0.3580,0.0199,0.0000,True,False,False,True
healthy,thumb (2).jpg,0.3397,0.0124,0.0721,True,False,True,True
healthy,thumb (20).jpg,0.8291,0.0000,0.0001,True,False,False,True
healthy,thumb (21).jpg,0.4240,0.0001,0.0431,True,False,True,True
healthy,thumb (22).jpg,0.5289,0.0168,0.0000,True,False,False,True
healthy,thumb (23).jpg,0.2538,0.1035,0.0194,True,True,False,True
healthy,thumb (24).jpg,0.7548,0.0007,0.0011,True,False,False,True
healthy,thumb (25).jpg,0.2319,0.0260,0.0018,False,True,False,True
healthy,thumb (26).jpg,0.1676,0.0582,0.0322,False,True,True,True
healthy,thumb (27).jpg,0.4457,0.0245,0.0001,True,True,False,True
healthy,thumb (28).jpg,0.2182,0.0700,0.0000,False,True,False,True
healthy,thumb (29).jpg,0.2032,0.0778,0.0003,False,True,False,True
healthy,thumb (3).jpg,0.0231,0.0012,0.0173,False,False,False,False
healthy,thumb (30).jpg,0.3273,0.0329,0.0386,True,True,True,True
healthy,thumb (31).jpg,0.5763,0.0000,0.0518,True,False,True,True
healthy,thumb (32).jpg,0.2350,0.0904,0.0001,False,True,False,True
healthy,thumb (34).jpg,0.2044,0.0354,0.0370,False,True,True,True
healthy,thumb (35).jpg,0.7845,0.0000,0.0004,True,False,False,True
healthy,thumb (36).jpg,0.4645,0.0434,0.0001,True,True,False,True
healthy,thumb (37).jpg,0.6229,0.0321,0.0000,True,True,False,True
healthy,thumb (38).jpg,0.1743,0.0364,0.0000,False,True,False,True
healthy,thumb (39).jpg,0.1486,0.0549,0.0180,False,True,False,True
healthy,thumb (4).jpg,0.0006,0.0001,0.0010,False,False,False,False
healthy,thumb (40).jpg,0.1884,0.0843,0.0048,False,True,False,True
healthy,thumb (41).jpg,0.1152,0.1128,0.0079,False,True,False,True
healthy,thumb (42).jpg,0.3709,0.0330,0.0000,True,True,False,True
healthy,thumb (43).jpg,0.4731,0.0275,0.0002,True,True,False,True
healthy,thumb (44).jpg,0.0715,0.0986,0.0069,False,True,False,True
healthy,thumb (45).jpg,0.1823,0.0953,0.0061,False,True,False,True
healthy,thumb (46).jpg,0.4997,0.0171,0.0100,True,False,False,True
healthy,thumb (47).jpg,0.2658,0.0791,0.0004,True,True,False,True
healthy,thumb (48).jpg,0.2944,0.0626,0.0202,True,True,False,True
healthy,thumb (49).jpg,0.1657,0.1377,0.0243,False,True,False,True
healthy,thumb (5).jpg,0.0486,0.0000,0.0003,False,False,False,False
healthy,thumb (50).jpg,0.1679,0.1372,0.0420,False,True,True,True
healthy,thumb (51).jpg,0.2201,0.0293,0.0003,False,True,False,True
healthy,thumb (52).jpg,0.0556,0.0493,0.0086,False,True,False,True
healthy,thumb (53).jpg,0.3128,0.0306,0.0000,True,True,False,True
healthy,thumb (54).jpg,0.1032,0.0879,0.0244,False,True,False,True
healthy,thumb (55).jpg,0.1698,0.1092,0.0251,False,True,False,True
healthy,thumb (56).jpg,0.0636,0.0561,0.0044,False,True,False,True
healthy,thumb (57).jpg,0.3260,0.0518,0.0000,True,True,False,True
healthy,thumb (58).jpg,0.1079,0.0494,0.0194,False,True,False,True
healthy,thumb (59).jpg,0.1913,0.0837,0.0271,False,True,True,True
healthy,thumb (6).jpg,0.6127,0.0010,0.0001,True,False,False,True
healthy,thumb (60).jpg,0.1928,0.0735,0.0635,False,True,True,True
healthy,thumb (61).jpg,0.1226,0.1064,0.0012,False,True,False,True
healthy,thumb (62).jpg,0.1736,0.1328,0.0004,False,True,False,True
healthy,thumb (63).jpg,0.1020,0.1780,0.0119,False,True,False,True
healthy,thumb (64).jpg,0.1038,0.0805,0.0044,False,True,False,True
healthy,thumb (65).jpg,0.0780,0.1165,0.0032,False,True,False,True
healthy,thumb (66).jpg,0.5887,0.0366,0.0000,True,True,False,True
healthy,thumb (67).jpg,0.1761,0.1954,0.0012,False,True,False,True
healthy,thumb (68).jpg,0.1103,0.1200,0.0020,False,True,False,True
healthy,thumb (69).jpg,0.1893,0.1985,0.0005,False,True,False,True
healthy,thumb (7).jpg,0.6954,0.0010,0.0000,True,False,False,True
healthy,thumb (70).jpg,0.1197,0.1151,0.0012,False,True,False,True
healthy,thumb (71).jpg,0.1035,0.1422,0.0183,False,True,False,True
healthy,thumb (72).jpg,0.2153,0.1202,0.0009,False,True,False,True
healthy,thumb (73).jpg,0.1154,0.1789,0.0059,False,True,False,True
healthy,thumb (74).jpg,0.1564,0.1263,0.0007,False,True,False,True
healthy,thumb (75).jpg,0.1839,0.1216,0.0019,False,True,False,True
healthy,thumb (76).jpg,0.1086,0.1178,0.0119,False,True,False,True
healthy,thumb (77).jpg,0.0096,0.0000,0.0046,False,False,False,False
healthy,thumb (78).jpg,0.1315,0.0435,0.0010,False,True,False,True
healthy,thumb (79).jpg,0.0661,0.0245,0.0008,False,True,False,True
healthy,thumb (8).jpg,0.8038,0.0000,0.0093,True,False,False,True
healthy,thumb (80).jpg,0.1054,0.0340,0.0011,False,True,False,True
healthy,thumb (81).jpg,0.1607,0.0599,0.0004,False,True,False,True
healthy,thumb (82).jpg,0.1819,0.0006,0.0409,False,False,True,True
healthy,thumb (83).jpg,0.0297,0.0043,0.0083,False,False,False,False
healthy,thumb (84).jpg,0.1604,0.0990,0.0003,False,True,False,True
healthy,thumb (85).jpg,0.1479,0.0081,0.0459,False,False,True,True
healthy,thumb (86).jpg,0.1489,0.0905,0.0095,False,True,False,True
healthy,thumb (87).jpg,0.1801,0.0839,0.0065,False,True,False,True
healthy,thumb (88).jpg,0.1717,0.0164,0.0086,False,False,False,False
healthy,thumb (89).jpg,0.1863,0.1500,0.0049,False,True,False,True
healthy,thumb (9).jpg,0.5577,0.0000,0.0003,True,False,False,True
healthy,thumb (90).jpg,0.0982,0.0422,0.0017,False,True,False,True
healthy,thumb (91).jpg,0.1319,0.1015,0.0370,False,True,True,True
healthy,thumb (92).jpg,0.0723,0.0380,0.0002,False,True,False,True
healthy,thumb (93).jpg,0.1119,0.0382,0.0002,False,True,False,True
healthy,thumb (94).jpg,0.1330,0.0620,0.0037,False,True,False,True
healthy,thumb (95).jpg,0.2077,0.0150,0.0412,False,False,True,True
healthy,thumb (96).jpg,0.0931,0.0405,0.0034,False,True,False,True
healthy,thumb (97).jpg,0.1667,0.0161,0.0054,False,False,False,False
healthy,thumb (98).jpg,0.3335,0.0308,0.0000,True,True,False,True
healthy,thumb (99).jpg,0.2649,0.0000,0.0001,True,False,False,True
healthy,thumb - 2026-08-20T182912.016.jpg,0.0290,0.0000,0.0001,False,False,False,False
healthy,thumb - 2026-08-20T182913.541.jpg,0.0045,0.0000,0.0207,False,False,False,False
healthy,thumb - 2026-08-20T182914.350.jpg,0.0121,0.0000,0.0044,False,False,False,False
healthy,thumb - 2026-08-20T182915.006.jpg,0.0752,0.0004,0.0112,False,False,False,False
healthy,thumb - 2026-08-20T182915.737.jpg,0.0077,0.0000,0.0012,False,False,False,False
healthy,thumb - 2026-08-20T182916.715.jpg,0.0352,0.0008,0.0031,False,False,False,False
healthy,thumb - 2026-08-20T182917.185.jpg,0.0007,0.0000,0.0050,False,False,False,False
healthy,thumb - 2026-08-20T182918.300.jpg,0.0961,0.0024,0.0071,False,False,False,False
healthy,thumb - 2026-08-20T182918.981.jpg,0.0462,0.0005,0.0228,False,False,False,False
healthy,thumb - 2026-08-20T182919.617.jpg,0.2675,0.0018,0.0028,True,False,False,True
healthy,thumb - 2026-08-20T182920.279.jpg,0.4203,0.0115,0.0524,True,False,True,True
healthy,thumb - 2026-08-20T182921.016.jpg,0.1733,0.0127,0.0036,False,False,False,False
healthy,thumb - 2026-08-20T182921.669.jpg,0.0308,0.0007,0.0030,False,False,False,False
healthy,thumb - 2026-08-20T182922.940.jpg,0.0107,0.0000,0.0228,False,False,False,False
healthy,thumb - 2026-08-20T182923.551.jpg,0.0749,0.0015,0.0004,False,False,False,False
healthy,thumb - 2026-08-20T182924.181.jpg,0.0396,0.0000,0.0109,False,False,False,False
healthy,thumb - 2026-08-20T182924.774.jpg,0.2210,0.0148,0.0424,False,False,True,True
healthy,thumb - 2026-08-20T182925.416.jpg,0.2178,0.0569,0.0071,False,True,False,True
healthy,thumb - 2026-08-20T182926.079.jpg,0.1757,0.0084,0.0042,False,False,False,False
healthy,thumb - 2026-08-20T182926.762.jpg,0.0358,0.0000,0.0485,False,False,True,True
healthy,thumb - 2026-08-20T182927.487.jpg,0.0488,0.0000,0.1096,False,False,True,True
healthy,thumb - 2026-08-20T182928.140.jpg,0.0284,0.0000,0.0063,False,False,False,False
healthy,thumb - 2026-08-20T182928.769.jpg,0.0564,0.0008,0.0060,False,False,False,False
healthy,thumb - 2026-08-20T182929.460.jpg,0.0093,0.0096,0.1178,False,False,True,True
healthy,thumb - 2026-08-20T182930.066.jpg,0.0026,0.0000,0.0165,False,False,False,False
healthy,thumb - 2026-08-20T182931.374.jpg,0.1787,0.0000,0.0919,False,False,True,True
healthy,thumb - 2026-08-20T182932.179.jpg,0.2458,0.0100,0.0013,False,False,False,False
healthy,thumb - 2026-08-20T182932.862.jpg,0.1972,0.0001,0.1850,False,False,True,True
healthy,thumb - 2026-08-20T182933.487.jpg,0.4510,0.0498,0.0032,True,True,False,True
healthy,thumb - 2026-08-20T182934.118.jpg,0.2885,0.0272,0.0464,True,True,True,True
healthy,thumb - 2026-08-20T182934.769.jpg,0.1952,0.0231,0.0031,False,True,False,True
healthy,thumb - 2026-08-20T182935.507.jpg,0.1820,0.0002,0.0044,False,False,False,False
healthy,thumb - 2026-08-20T182936.192.jpg,0.2282,0.0010,0.0045,False,False,False,False
healthy,thumb - 2026-08-20T182936.814.jpg,0.1086,0.0000,0.0154,False,False,False,False
healthy,thumb - 2026-08-20T182937.460.jpg,0.1040,0.0044,0.0164,False,False,False,False
healthy,thumb - 2026-08-20T182938.688.jpg,0.2290,0.0807,0.0047,False,True,False,True
healthy,thumb - 2026-08-20T182939.834.jpg,0.1562,0.0001,0.0055,False,False,False,False
healthy,thumb - 2026-08-20T182940.756.jpg,0.2240,0.0123,0.0019,False,False,False,False
healthy,thumb - 2026-08-20T182941.334.jpg,0.0493,0.0032,0.0000,False,False,False,False
healthy,thumb - 2026-08-20T182942.672.jpg,0.3051,0.0165,0.0001,True,False,False,True
healthy,thumb - 2026-08-20T182943.355.jpg,0.1706,0.0094,0.0047,False,False,False,False
healthy,thumb - 2026-08-20T182944.900.jpg,0.2012,0.0192,0.0044,False,False,False,False
healthy,thumb - 2026-08-20T182945.760.jpg,0.0528,0.0035,0.1298,False,False,True,True
healthy,thumb - 2026-08-20T182946.534.jpg,0.0361,0.0001,0.1056,False,False,True,True
healthy,thumb - 2026-08-20T183008.788.jpg,0.0366,0.0042,0.1754,False,False,True,True
healthy,thumb - 2026-08-20T183009.658.jpg,0.1506,0.0022,0.1054,False,False,True,True
healthy,thumb - 2026-08-20T183011.315.jpg,0.0637,0.0077,0.1801,False,False,True,True
healthy,thumb - 2026-08-20T183012.075.jpg,0.1818,0.0050,0.0933,False,False,True,True
healthy,thumb - 2026-08-20T183013.247.jpg,0.1003,0.0103,0.2334,False,False,True,True
healthy,thumb - 2026-08-20T183013.848.jpg,0.0526,0.0000,0.0899,False,False,True,True
healthy,thumb - 2026-08-20T183014.465.jpg,0.1509,0.0004,0.0934,False,False,True,True
healthy,thumb - 2026-08-20T183015.050.jpg,0.1357,0.0008,0.0947,False,False,True,True
healthy,thumb - 2026-08-20T183015.634.jpg,0.1038,0.0033,0.1669,False,False,True,True
healthy,thumb - 2026-08-20T183016.269.jpg,0.0508,0.0011,0.1432,False,False,True,True
healthy,thumb - 2026-08-20T183017.313.jpg,0.0872,0.0007,0.0915,False,False,True,True
healthy,thumb - 2026-08-20T183017.931.jpg,0.0188,0.0003,0.0074,False,False,False,False
healthy,thumb - 2026-08-20T183018.555.jpg,0.0227,0.0000,0.0011,False,False,False,False
healthy,thumb - 2026-08-20T183019.176.jpg,0.0071,0.0000,0.0009,False,False,False,False
healthy,thumb - 2026-08-20T183019.790.jpg,0.1182,0.0002,0.0085,False,False,False,False
healthy,thumb - 2026-08-20T183020.524.jpg,0.1745,0.0015,0.1163,False,False,True,True
healthy,thumb - 2026-08-20T183021.872.jpg,0.3646,0.0406,0.0021,True,True,False,True
healthy,thumb - 2026-08-20T183023.193.jpg,0.2671,0.1256,0.0563,True,True,True,True
healthy,thumb - 2026-08-20T183024.510.jpg,0.0489,0.0003,0.1062,False,False,True,True
healthy,thumb - 2026-08-20T183028.658.jpg,0.1840,0.0005,0.0068,False,False,False,False
healthy,thumb - 2026-08-20T183030.278.jpg,0.0868,0.0007,0.0350,False,False,True,True
healthy,thumb - 2026-08-20T183030.954.jpg,0.2435,0.0146,0.0192,False,False,False,False
healthy,thumb - 2026-08-20T183031.613.jpg,0.2243,0.1733,0.0798,False,True,True,True
healthy,thumb - 2026-08-20T183032.217.jpg,0.3430,0.0307,0.0003,True,True,False,True
healthy,thumb - 2026-08-20T183032.828.jpg,0.0882,0.0020,0.0043,False,False,False,False
healthy,thumb - 2026-08-20T183033.558.jpg,0.1811,0.0152,0.0155,False,False,False,False
healthy,thumb - 2026-08-20T183034.471.jpg,0.1590,0.0197,0.0001,False,False,False,False
healthy,thumb - 2026-08-20T183035.219.jpg,0.3802,0.0214,0.0018,True,True,False,True
healthy,thumb - 2026-08-20T183035.896.jpg,0.2467,0.0126,0.0077,False,False,False,False
healthy,thumb - 2026-08-20T183036.540.jpg,0.1444,0.0334,0.0032,False,True,False,True
healthy,thumb - 2026-08-20T183037.151.jpg,0.1179,0.0477,0.0058,False,True,False,True
healthy,thumb - 2026-08-20T183037.884.jpg,0.3776,0.0076,0.0060,True,False,False,True
healthy,thumb - 2026-08-20T183039.173.jpg,0.2470,0.0150,0.0026,False,False,False,False
healthy,thumb - 2026-08-20T183039.875.jpg,0.1599,0.0102,0.0097,False,False,False,False
healthy,thumb - 2026-08-20T183040.508.jpg,0.1964,0.0064,0.0015,False,False,False,False
healthy,thumb - 2026-08-20T183041.149.jpg,0.0167,0.0133,0.0798,False,False,True,True
healthy,thumb - 2026-08-20T183042.615.jpg,0.0909,0.0364,0.0026,False,True,False,True
healthy,thumb - 2026-08-20T183043.816.jpg,0.1003,0.0514,0.0157,False,True,False,True
healthy,thumb - 2026-08-20T183044.620.jpg,0.2690,0.0854,0.0023,True,True,False,True
healthy,thumb - 2026-08-20T183045.696.jpg,0.2340,0.0979,0.0105,False,True,False,True
healthy,thumb - 2026-08-20T183046.013.jpg,0.3959,0.0299,0.0014,True,True,False,True
healthy,thumb - 2026-08-20T183046.598.jpg,0.0138,0.0023,0.1314,False,False,True,True
healthy,thumb - 2026-08-20T183047.344.jpg,0.1251,0.0042,0.1384,False,False,True,True
healthy,thumb - 2026-08-20T183048.570.jpg,0.0168,0.0000,0.0290,False,False,True,True
healthy,thumb - 2026-08-20T183049.316.jpg,0.3130,0.0510,0.0011,True,True,False,True
healthy,thumb - 2026-08-20T183049.949.jpg,0.0981,0.0199,0.0020,False,False,False,False
healthy,thumb - 2026-08-20T183050.650.jpg,0.0530,0.0047,0.1349,False,False,True,True
healthy,thumb - 2026-08-20T183053.886.jpg,0.0247,0.0008,0.1945,False,False,True,True
healthy,thumb - 2026-08-20T183200.455.jpg,0.1522,0.0021,0.0524,False,False,True,True
healthy,thumb - 2026-08-20T183201.788.jpg,0.1782,0.0118,0.1394,False,False,True,True
healthy,thumb - 2026-08-20T183202.588.jpg,0.1531,0.0294,0.1494,False,True,True,True
healthy,thumb - 2026-08-20T183203.319.jpg,0.1534,0.0180,0.1015,False,False,True,True
healthy,thumb - 2026-08-20T183204.194.jpg,0.1714,0.0097,0.0739,False,False,True,True
healthy,thumb - 2026-08-20T183205.519.jpg,0.0378,0.0009,0.1999,False,False,True,True
healthy,thumb - 2026-08-20T183206.460.jpg,0.2329,0.0269,0.0395,False,True,True,True
healthy,thumb - 2026-08-20T183207.149.jpg,0.0611,0.0001,0.0491,False,False,True,True
healthy,thumb - 2026-08-20T183207.885.jpg,0.1301,0.0192,0.0993,False,False,True,True
healthy,thumb - 2026-08-20T183208.626.jpg,0.1050,0.0293,0.1526,False,True,True,True
healthy,thumb - 2026-08-20T183209.478.jpg,0.0477,0.0000,0.0000,False,False,False,False
healthy,thumb.jpg,0.0582,0.0042,0.0588,False,False,True,True
healthy,tropical palm trees on a sunny day on the beach on the coast of Brazil amid phot.jpg,0.0953,0.0047,0.0290,False,False,True,True
healthy,very beautiful coconut leaf texture  Stock Photo.jpg,0.0825,0.0000,0.0897,False,False,True,True
